2026-10-05T09:15:00.167423,54840.65,HOLD,BEAR,False,ema_gap_bear,False,54568.01390919457,54497.82253276967,70.19137642489659,77.25,1.147,8.72,88.263,7.9991,20.6801,47.31,0.0863,1.735,TRENDING,flat,54565.1,54450.75,54840.65,-69.21602364684804,83.58,0.1535,TRENDING
2026-10-05T09:16:00.125718,55034.2,HOLD,BEAR,False,ema_gap_bear,False,54612.18599580114,54519.00525723152,93.18073856962292,83.26,1.604,14.77,-42.504,32.49,24.4845,63.89,0.1161,2.232,TRENDING,flat,54840.65,54450.75,54978.57570621468,-48.493909715769405,104.5,0.1906,TRENDING
2026-10-05T09:17:00.174818,55154.0,HOLD,BEAR,False,ema_gap_bear,False,54663.255295799245,54543.84630877215,119.40898702709819,85.75,1.599,56.62,-3.526,53.2481,20.7539,67.66,0.1227,2.244,TRENDING,flat,55045.15,54450.75,55030.5745098039,-48.493909715769405,104.5,0.1906,TRENDING
2026-10-05T09:18:00.134449,55158.75,HOLD,BEAR,False,ema_gap_bear,False,54710.57789109341,54569.08885967645,141.48903141696064,85.6,1.611,8.89,-2.301,63.7833,10.5068,67.74,0.1228,2.129,TRENDING,flat,55148.4,54765.9,55072.41082089547,-48.493909715769405,104.5,0.1906,TRENDING
2026-10-05T09:19:00.132056,55115.35,HOLD,BEAR,False,ema_gap_bear,False,54749.216242731556,54587.4205735065,161.7956692250591,80.9,0.907,-2.4,-5.32,63.5766,-0.1241,70.08,0.1271,2.092,TRENDING,flat,55181.15,54765.9,55083.145403899696,-48.493909715769405,104.5,0.1906,TRENDING
2026-10-05T09:20:00.134887,55135.0,HOLD,BEAR,False,ema_gap_bear,False,54785.795868074085,54609.4347839893,176.36108408478322,81.27,0.919,-4.41,5.55,60.5033,-3.0893,71.38,0.1295,2.041,TRENDING,flat,55181.15,55034.2,55082.14662610611,-48.493909715769405,104.5,0.1906,TRENDING
2026-10-05T09:21:00.137826,55125.65,HOLD,SIDEWAYS,False,5m_sideways,False,54817.98160603453,54628.97849883163,189.00310720290145,80.19,0.715,-5.81,-1.626,53.8963,-6.5905,72.0,0.1306,1.954,TRENDING,flat,55181.15,55044.5,55096.52312217181,-12.880640721152304,126.6,0.2296,SIDEWAYS
2026-10-05T09:22:00.141193,55054.25,HOLD,SIDEWAYS,False,5m_sideways,False,54840.573754012345,54646.26357132413,194.31018268821208,72.06,0.049,-8.82,-6.937,41.569,-12.3423,72.78,0.1322,1.868,TRENDING,flat,55191.25,55044.5,55092.733281733636,-12.880640721152304,126.6,0.2296,SIDEWAYS
2026-10-05T09:23:00.124868,55094.5,HOLD,SIDEWAYS,False,5m_sideways,False,54864.71857760458,54663.76059251479,200.9579850897935,73.71,0.142,-7.65,9.726,33.0398,-8.5275,72.53,0.1316,1.765,TRENDING,flat,55191.25,55042.85,55089.56639839016,-12.880640721152304,126.6,0.2296,SIDEWAYS
2026-10-05T09:24:00.127964,55118.85,HOLD,SIDEWAYS,False,5m_sideways,False,54888.84023790653,54682.107736100996,206.7325018055344,74.7,0.191,-5.51,-0.651,26.3243,-6.7295,70.83,0.1285,1.633,TRENDING,flat,55191.25,55033.1,55092.746625221866,-12.880640721152304,126.6,0.2296,SIDEWAYS
2026-10-05T09:25:00.137660,55127.55,HOLD,SIDEWAYS,False,5m_sideways,False,54911.48646064251,54700.416932420645,211.06952822186577,75.05,0.198,2.95,-0.612,20.0635,-6.284,69.07,0.1253,1.514,TRENDING,flat,55142.35,55033.1,55095.224310710386,-12.880640721152304,126.6,0.2296,SIDEWAYS
2026-10-05T09:26:00.130369,55124.65,HOLD,SIDEWAYS,False,5m_sideways,False,54932.17073847966,54718.03961942436,214.1311190553024,75.01,0.238,1.43,-0.269,13.9457,-6.1396,66.74,0.1211,1.398,TRENDING,flat,55142.35,55033.1,55100.18638086205,8.74919351949211,130.08,0.236,SIDEWAYS
2026-10-05T09:27:00.133898,55113.2,HOLD,SIDEWAYS,False,5m_sideways,False,54949.06296517895,54732.685968744,216.37699643494852,72.41,0.003,-2.16,-2.704,6.8272,-7.0999,66.7,0.121,1.335,TRENDING,flat,55160.55,55092.2,55099.55744225824,8.74919351949211,130.08,0.236,SIDEWAYS
2026-10-05T09:28:00.127721,55135.25,HOLD,SIDEWAYS,False,5m_sideways,False,54966.71330831098,54747.76098259572,218.9523257152614,73.83,0.026,-1.24,3.9,2.263,-4.5463,64.58,0.1171,1.236,TRENDING,flat,55160.55,55069.95,55101.95514018684,8.74919351949211,130.08,0.236,SIDEWAYS
2026-10-05T09:29:00.126086,55121.65,HOLD,SIDEWAYS,False,5m_sideways,False,54981.42914565186,54763.330633625425,218.09851202643767,71.93,-0.163,-3.27,-3.216,-2.8627,-5.15,62.98,0.1143,1.157,TRENDING,flat,55160.55,55069.95,55103.822458080554,8.74919351949211,130.08,0.236,SIDEWAYS
2026-10-05T09:30:00.177056,55111.65,HOLD,SIDEWAYS,False,5m_sideways,False,54993.81497318075,54778.496196148255,215.31877703249484,70.38,-0.255,-2.12,0.471,-7.853,-5.0302,60.78,0.1103,1.072,TRENDING,flat,55145.45,55069.95,55104.11194792348,8.74919351949211,130.08,0.236,SIDEWAYS
2026-10-05T09:31:00.128935,55159.35,HOLD,SIDEWAYS,False,5m_sideways,False,55009.781080229004,54793.61992888798,216.16115134102438,73.24,0.006,-0.39,4.467,-8.6993,-0.8491,60.19,0.1091,1.023,TRENDING,flat,55145.45,55094.65,55106.678610771036,31.432578829975682,126.6,0.2297,SIDEWAYS
2026-10-05T09:32:00.138043,55118.95,HOLD,SIDEWAYS,False,5m_sideways,False,55020.00883439391,54805.40880664788,214.60002774603345,67.07,-0.604,-4.91,-9.387,-12.9033,-4.1803,59.49,0.1079,0.973,TRENDING,flat,55162.55,55094.65,55108.71135065673,31.432578829975682,126.6,0.2297,SIDEWAYS
2026-10-05T09:33:00.125174,55118.6,HOLD,SIDEWAYS,False,5m_sideways,False,55029.51920951168,54819.68766520339,209.83154430829018,67.26,-0.572,-3.28,6.587,-15.8994,-3.0475,58.2,0.1056,0.918,TRENDING,flat,55162.55,55094.65,55109.81461456102,31.432578829975682,126.6,0.2297,SIDEWAYS
2026-10-05T09:34:00.139313,55118.85,HOLD,SIDEWAYS,False,5m_sideways,False,55037.77843155217,54833.53438426395,204.24404728822265,66.58,-1.498,-6.81,-0.728,-18.3734,-2.5325,56.91,0.1033,0.873,TRENDING,flat,55162.55,55101.1,55109.85862764882,31.432578829975682,126.6,0.2297,SIDEWAYS
2026-10-05T09:35:00.126913,55120.7,HOLD,SIDEWAYS,False,5m_sideways,False,55045.24194387972,54845.14303411337,200.09890976635506,66.36,-1.34,-0.38,0.557,-20.1566,-1.7971,55.41,0.1005,0.847,TRENDING,flat,55159.5,55090.25,55110.400405051216,31.432578829975682,126.6,0.2297,SIDEWAYS
2026-10-05T09:36:00.128116,55107.6,HOLD,BULL,False,rsi_z_bull,False,55051.143237720426,54854.32358952795,196.81964819247514,65.32,-1.43,-2.05,-1.506,-21.9435,-1.758,53.76,0.0976,0.826,TRENDING,flat,55142.1,55090.25,55110.29165727167,63.184125819090696,122.73,0.2227,TRENDING
2026-10-05T09:37:00.381712,55101.4,HOLD,BULL,False,rsi_z_bull,False,55055.636473731865,54867.05143432352,188.58503940834635,63.43,-1.566,-3.13,-0.119,-23.4877,-1.6276,51.9,0.0942,0.803,TRENDING,flat,55137.5,55090.25,55109.77329192544,63.184125819090696,122.73,0.2227,TRENDING
2026-10-05T09:38:00.127625,55018.75,HOLD,BULL,False,rsi_z_bull,False,55052.44011122156,54873.41706037015,179.02305085140688,51.87,-2.808,-14.61,-9.851,-29.1433,-5.6632,53.85,0.0979,0.848,TRENDING,flat,55137.5,55087.0,55107.95708256121,63.184125819090696,122.73,0.2227,TRENDING
2026-10-05T09:39:00.140586,55036.05,HOLD,BULL,False,rsi_z_bull,False,55050.6912179808,54879.44739912291,171.24381885788898,53.35,-2.181,-11.68,12.936,-31.3598,-2.2093,52.57,0.0955,0.838,TRENDING,flat,55122.25,55019.6,55105.03156851079,63.184125819090696,122.73,0.2227,TRENDING
2026-10-05T09:40:00.133766,55054.25,HOLD,BULL,False,rsi_z_bull,False,55051.387292458814,54886.449461902404,164.9378305564096,56.18,-1.626,-7.24,1.366,-30.4611,0.8987,51.35,0.0933,0.835,TRENDING,flat,55112.5,55008.85,55102.892587987764,63.184125819090696,122.73,0.2227,TRENDING
2026-10-05T09:41:00.137041,54999.5,HOLD,BULL,False,rsi_z_bull,False,55046.37534996961,54890.991936932485,155.38341303712514,48.26,-2.237,-3.49,-10.557,-32.8952,-2.4377,52.44,0.0953,0.866,TRENDING,flat,55101.4,55008.85,55099.94230911447,84.34054472540447,121.22,0.2202,TRENDING
2026-10-05T09:42:00.130512,55041.4,HOLD,BULL,False,rsi_z_bull,False,55045.8027668132,54895.84256611624,149.96020069695805,53.03,-1.446,0.03,12.604,-30.8033,2.1184,52.34,0.0951,0.878,TRENDING,flat,55065.75,54991.2,55097.67347631814,84.34054472540447,121.22,0.2202,TRENDING
2026-10-05T09:43:00.127643,55014.05,HOLD,BULL,False,rsi_z_bull,False,55042.975101691496,54898.38042790833,144.59467378316913,50.4,-1.577,-5.89,-7.877,-30.127,0.7338,50.81,0.0924,0.865,TRENDING,flat,55065.75,54991.2,55095.38472654901,84.34054472540447,121.22,0.2202,TRENDING
2026-10-05T09:44:00.134443,55011.2,HOLD,BULL,False,rsi_z_bull,False,55039.98258804424,54903.441922417675,136.54066562656226,49.78,-1.461,1.32,2.389,-28.9836,1.1269,49.23,0.0895,0.859,TRENDING,flat,55054.5,54991.2,55092.52004024818,84.34054472540447,121.22,0.2202,TRENDING
2026-10-05T09:45:00.138385,55023.0,HOLD,BULL,False,rsi_z_bull,False,55038.3970357923,54908.54153833969,129.85549745261233,51.21,-1.176,-2.05,2.124,-26.5334,2.4398,47.74,0.0868,0.848,TRENDING,flat,55048.9,54989.9,55090.1401204427,84.34054472540447,121.22,0.2202,TRENDING
2026-10-05T09:46:00.144702,55058.25,HOLD,BULL,False,rsi_z_bull,False,55040.42815220381,54914.16569584692,126.26245635688974,55.74,-0.627,5.41,2.949,-21.772,4.7694,47.62,0.0865,0.859,TRENDING,flat,55045.9,54989.9,55089.12331171909,91.83464062587154,117.77,0.214,TRENDING
2026-10-05T09:47:00.148016,55091.3,HOLD,BULL,False,rsi_z_bull,False,55045.37825187029,54921.2041701759,124.17408169438568,59.36,-0.166,9.6,-0.873,-15.9846,5.7862,47.98,0.0871,0.883,TRENDING,flat,55068.15,54989.9,55089.210810395205,91.83464062587154,117.77,0.214,TRENDING
2026-10-05T09:48:00.134274,55096.4,HOLD,BULL,False,rsi_z_bull,False,55050.36355812933,54928.40467722678,121.95888090254448,59.82,-0.008,8.66,-3.035,-11.5665,4.4107,45.97,0.0834,0.861,TRENDING,flat,55109.15,55000.1,55089.450448833,91.83464062587154,117.77,0.214,TRENDING
2026-10-05T09:49:00.123676,55096.7,HOLD,BULL,False,rsi_z_bull,False,55054.853073011014,54934.495921144655,120.35715186635935,59.88,0.056,4.15,-0.596,-8.5835,2.9973,44.49,0.0807,0.846,TRENDING,flat,55109.9,55023.0,55089.31422847146,91.83464062587154,117.77,0.214,TRENDING
2026-10-05T09:50:00.175789,55101.2,HOLD,BULL,False,rsi_z_bull,False,55058.981101849145,54940.88513033415,118.09597151499474,60.11,0.129,0.62,0.105,-6.56,2.0243,42.72,0.0775,0.827,TRENDING,flat,55109.9,55055.4,55089.606873047414,91.83464062587154,117.77,0.214,TRENDING
2026-10-05T09:51:00.131113,55126.25,HOLD,BULL,False,macd_bull,False,55065.19263199811,54949.25977568372,115.9328563143863,63.04,0.744,3.21,3.075,-3.5964,2.9323,41.88,0.076,0.823,TRENDING,flat,55110.35,55074.85,55090.355309428174,112.94638534900878,116.08,0.2107,TRENDING
2026-10-05T09:52:00.127509,55094.55,HOLD,BULL,False,rsi_z_bull,False,55067.733325074754,54954.50310459051,113.23022048424173,57.09,-0.134,-2.79,-9.172,-3.9553,-0.3497,41.3,0.075,0.829,TRENDING,flat,55128.3,55074.85,55090.801667116626,112.94638534900878,116.08,0.2107,TRENDING
2026-10-05T09:53:00.376430,55097.1,HOLD,BULL,False,rsi_z_bull,False,55070.60610847309,54960.09799088548,110.5081175876112,58.2,0.038,-2.11,6.798,-3.898,0.058,40.74,0.0739,0.832,TRENDING,flat,55128.3,55090.25,55090.84261917303,112.94638534900878,116.08,0.2107,TRENDING
2026-10-05T09:54:00.137989,55095.45,HOLD,BULL,False,rsi_z_bull,False,55072.90074464065,54967.69518665428,105.20555798636633,57.29,0.044,-5.87,-1.46,-4.1218,-0.285,40.72,0.0739,0.842,TRENDING,flat,55128.3,55078.5,55090.789031595195,112.94638534900878,116.08,0.2107,TRENDING
2026-10-05T09:55:00.134136,55085.4,HOLD,BULL,False,rsi_z_bull,False,55074.01875826232,54972.74417999114,101.27457827117905,55.26,-0.236,-1.81,-1.308,-4.9979,-0.8884,40.31,0.0732,0.846,TRENDING,flat,55126.65,55068.25,55090.79352396449,112.94638534900878,116.08,0.2107,TRENDING
2026-10-05T09:56:00.127635,55128.25,HOLD,BULL,False,macd_bull,False,55079.17446451011,54978.881307926065,100.29315658404812,61.69,1.158,3.58,8.16,-2.7938,2.203,41.25,0.0748,0.882,TRENDING,flat,55111.8,55068.25,55091.59086871884,129.63855966731353,111.96,0.2033,TRENDING
2026-10-05T09:57:00.152969,55101.85,HOLD,BULL,False,rsi_z_bull,False,55080.9173808737,54984.98376600394,95.9336148697621,55.62,-0.059,-1.64,-12.173,-3.4716,-0.7161,41.47,0.0753,0.894,TRENDING,flat,55138.1,55068.25,55091.86913609469,129.63855966731353,111.96,0.2033,TRENDING
2026-10-05T09:58:00.142736,55057.6,HOLD,BULL,False,rsi_z_bull,False,55078.627815235304,54988.115784739704,90.5120304955999,48.98,-1.568,-6.35,-0.749,-6.5813,-3.118,41.84,0.076,0.917,TRENDING,flat,55138.1,55075.45,55091.45273585996,129.63855966731353,111.96,0.2033,TRENDING
2026-10-05T09:59:00.126664,55005.25,HOLD,BULL,False,rsi_z_bull,False,55071.72029091857,54989.38747742132,82.33281349725439,42.26,-2.487,-19.41,-0.159,-11.6694,-5.1031,44.32,0.0806,0.978,TRENDING,flat,55138.1,55055.45,55090.52255044844,129.63855966731353,111.96,0.2033,TRENDING
2026-10-05T10:00:00.128862,54928.35,HOLD,BULL,False,rsi_z_bull,False,55058.48040308153,54988.342117060034,70.13828602149442,34.49,-2.764,-20.9,-0.688,-19.1385,-7.5002,46.91,0.0854,1.036,TRENDING,flat,55130.75,55006.05,55087.415568666016,129.63855966731353,111.96,0.2033,TRENDING
2026-10-05T10:01:00.129061,54931.9,HOLD,BULL,False,rsi_z_bull,False,55046.32855229241,54985.34581574975,60.98273654266086,34.41,-2.308,-14.48,7.362,-23.1389,-3.9807,45.24,0.0824,1.01,TRENDING,flat,55103.0,54926.8,55083.32433972313,140.1483009696749,120.0,0.2184,TRENDING
2026-10-05T10:02:00.130605,54907.4,HOLD,BULL,False,rsi_z_bull,False,55033.00693536106,54982.27019735618,50.73673800488177,32.13,-2.121,-9.83,-2.057,-26.111,-2.9726,46.85,0.0853,1.055,TRENDING,flat,55082.15,54912.0,55079.60984407489,140.1483009696749,120.0,0.2184,TRENDING
2026-10-05T10:03:00.154263,54902.2,HOLD,BULL,False,rsi_z_bull,False,55020.68141236252,54978.476055398685,42.2053569638374,31.85,-1.85,-2.6,1.949,-26.8689,-0.7392,45.2,0.0823,1.024,TRENDING,flat,55005.25,54890.85,55075.324720982266,140.1483009696749,120.0,0.2184,TRENDING
2026-10-05T10:04:00.122454,54894.75,HOLD,BULL,False,rsi_z_bull,False,55008.51254721767,54974.056539161196,34.456008056477,30.98,-1.702,-3.47,-0.744,-26.6361,0.2608,44.43,0.0809,1.011,TRENDING,flat,54959.3,54887.4,55071.56897372352,140.1483009696749,120.0,0.2184,TRENDING
2026-10-05T10:05:00.131383,54879.85,HOLD,BULL,False,rsi_z_bull,False,54996.23646136658,54970.511265920286,25.725195446291764,29.63,-1.595,-2.49,-0.258,-25.8745,0.7575,42.92,0.0782,0.982,TRENDING,flat,54959.3,54887.4,55067.2531637598,140.1483009696749,120.0,0.2184,TRENDING
2026-10-05T10:06:00.127913,54833.7,HOLD,BULL,False,rsi_z_bull,False,54980.77980486168,54964.4774445886,16.30236027308274,25.93,-1.654,-6.11,-2.593,-26.8578,-0.9654,43.42,0.0792,1.0,TRENDING,flat,54926.65,54871.45,55062.6067070861,142.784089190136,117.12,0.2134,TRENDING
2026-10-05T10:07:00.126472,54889.8,HOLD,BULL,False,rsi_z_bull,False,54972.156239159995,54961.94149313204,10.21474602795206,36.79,-0.76,5.74,14.696,-22.2863,4.5616,44.5,0.0811,1.027,TRENDING,flat,54926.65,54831.4,55058.883212526714,142.784089190136,117.12,0.2134,TRENDING
2026-10-05T10:08:00.157949,54865.7,HOLD,BULL,False,ema_gap_bull,False,54962.09244388283,54958.62047473654,3.4719691462887567,34.91,-0.859,4.47,-12.997,-19.5402,2.7349,43.94,0.0801,1.018,SIDEWAYS,flat,54894.75,54831.4,55055.73824899523,142.784089190136,117.12,0.2134,TRENDING
2026-10-05T10:09:00.149276,54868.2,HOLD,BULL,False,ema_gap_bull,False,54952.96437526662,54957.873031920855,-4.908656654231891,34.27,-0.756,8.54,2.243,-16.4912,2.9731,42.53,0.0775,0.98,SIDEWAYS,flat,54895.0,54831.4,55052.50441519939,142.784089190136,117.12,0.2134,TRENDING
2026-10-05T10:10:00.153206,54901.55,HOLD,BULL,False,ema_gap_bull,False,54948.10506029504,54955.001494275435,-6.89643398039334,40.74,-0.177,4.17,6.538,-11.1738,5.3353,43.09,0.0785,0.997,TRENDING,flat,54895.0,54833.7,55049.84802474588,142.784089190136,117.12,0.2134,TRENDING
2026-10-05T10:11:00.149784,54874.1,HOLD,BULL,False,ema_gap_bull,False,54940.978049722675,54950.88475387076,-9.906704148088465,37.7,-0.375,3.25,-9.688,-8.761,2.4368,43.02,0.0784,0.997,TRENDING,flat,54911.7,54849.55,55047.3582905834,151.68533200308593,115.05,0.2096,TRENDING
2026-10-05T10:12:00.125373,54874.15,HOLD,BULL,False,ema_gap_bull,False,54934.77288238186,54948.21731843813,-13.444436056270206,38.16,-0.267,3.74,3.643,-6.2585,2.4953,41.22,0.0751,0.956,TRENDING,flat,54916.1,54849.55,55044.56148775894,151.68533200308593,115.05,0.2096,TRENDING
2026-10-05T10:13:00.143351,54861.6,HOLD,BULL,False,ema_gap_bull,False,54927.80681891382,54945.16078002951,-17.353961115688435,36.51,-0.339,-4.38,-2.075,-4.897,1.3525,41.2,0.0751,0.954,TRENDING,flat,54916.1,54857.6,55041.90655875902,151.68533200308593,115.05,0.2096,TRENDING
2026-10-05T10:14:00.138484,54891.95,HOLD,BULL,False,ema_gap_bull,False,54924.45577126144,54943.3420045988,-18.886233337361773,42.52,0.296,4.56,7.382,-1.4295,3.4611,41.67,0.0759,0.966,TRENDING,flat,54916.1,54851.75,55039.52121086289,151.68533200308593,115.05,0.2096,TRENDING
2026-10-05T10:15:00.149267,54886.2,HOLD,BULL,False,ema_gap_bull,False,54920.70606291495,54942.61061111079,-21.904548195838288,41.17,0.341,3.18,-6.801,0.7467,2.1352,41.66,0.0759,0.96,TRENDING,flat,54907.5,54851.75,55037.325607560735,151.68533200308593,115.05,0.2096,TRENDING
2026-10-05T10:16:00.128432,54881.0,HOLD,BULL,False,ema_gap_bull,False,54916.99574179657,54939.61674632928,-22.621004532709776,40.8,0.507,4.38,0.572,2.2117,1.481,40.41,0.0736,0.933,TRENDING,flat,54913.9,54851.75,55035.10145564517,153.3563320855319,110.8,0.2019,TRENDING
2026-10-05T10:17:00.127959,54932.25,HOLD,BULL,False,ema_gap_bull,False,54918.5761166913,54939.260598298475,-20.684481607175258,50.19,2.092,7.71,9.57,6.703,4.4945,41.29,0.0752,0.954,TRENDING,flat,54913.9,54859.05,55033.10448947157,153.3563320855319,110.8,0.2019,TRENDING
2026-10-05T10:18:00.132293,54917.45,HOLD,BULL,False,ema_gap_bull,False,54918.6304955761,54939.59869433924,-20.968198763141118,47.77,1.785,6.53,-11.461,8.6284,1.8957,41.11,0.0749,0.948,TRENDING,flat,54933.9,54870.2,55031.77387983698,153.3563320855319,110.8,0.2019,TRENDING
2026-10-05T10:19:00.125264,54913.95,HOLD,BULL,False,ema_gap_bull,False,54918.17521028314,54938.58894162005,-20.41373133691377,46.95,1.527,6.15,1.436,9.3744,0.746,40.02,0.0729,0.935,TRENDING,flat,54954.05,54870.2,55030.08859845549,153.3563320855319,110.8,0.2019,TRENDING
2026-10-05T10:20:00.131445,54916.85,HOLD,BULL,False,ema_gap_bull,False,54917.94899977998,54937.69525763495,-19.746257854967553,47.32,1.408,-2.7,1.174,9.7956,0.4212,39.35,0.0717,0.927,TRENDING,flat,54954.05,54881.0,55028.60148480917,153.3563320855319,110.8,0.2019,TRENDING
2026-10-05T10:21:00.127815,54883.85,HOLD,BULL,False,ema_gap_bull,False,54914.772904562844,54935.61309066888,-20.840186106033798,42.34,0.6,-5.43,-5.339,7.8533,-1.9423,39.51,0.072,0.937,TRENDING,flat,54954.05,54901.2,55026.73241832516,146.18518610479805,109.63,0.1996,TRENDING
2026-10-05T10:22:00.134768,54858.2,HOLD,BULL,False,ema_gap_bull,False,54909.39453269971,54932.581204760296,-23.186672060583078,38.65,-0.002,-8.31,1.287,4.8262,-3.0271,39.69,0.0724,0.949,TRENDING,flat,54938.25,54876.9,55024.55092606314,146.18518610479805,109.63,0.1996,TRENDING
2026-10-05T10:23:00.143499,54833.55,HOLD,BULL,False,ema_gap_bull,False,54902.10933910926,54928.67213790695,-26.562798797691357,35.44,-0.535,-11.88,0.478,1.3242,-3.5019,38.94,0.071,0.937,TRENDING,flat,54938.25,54844.55,55021.480445869165,146.18518610479805,109.63,0.1996,TRENDING
2026-10-05T10:24:00.134825,54858.7,HOLD,BULL,False,ema_gap_bull,False,54897.84178300361,54925.873230538054,-28.031447534442123,40.55,0.2,-1.79,8.325,0.8834,-0.4408,38.97,0.071,0.944,TRENDING,flat,54918.5,54830.8,55018.55983089717,146.18518610479805,109.63,0.1996,TRENDING
2026-10-05T10:25:00.130198,54814.1,HOLD,BULL,False,ema_gap_bull,False,54889.9044703366,54921.5056528699,-31.601182533297106,35.27,-0.76,-3.38,-10.388,-1.9063,-2.7897,40.15,0.0732,0.975,TRENDING,flat,54886.6,54822.9,55015.81365494405,146.18518610479805,109.63,0.1996,TRENDING
2026-10-05T10:26:00.127750,54760.5,HOLD,BULL,False,ema_gap_bull,False,54877.95642554264,54915.34660765932,-37.39018211668008,30.31,-1.835,-5.13,0.31,-6.4802,-4.574,41.28,0.0754,1.005,TRENDING,flat,54867.85,54812.35,55012.09782925315,133.99612640710984,107.8,0.1967,TRENDING
2026-10-05T10:27:00.132435,54775.85,HOLD,BULL,False,ema_gap_bull,False,54868.15581358619,54909.84477990797,-41.688966321780754,32.47,-1.325,-8.07,7.134,-8.0475,-1.5672,41.87,0.0764,1.022,TRENDING,flat,54867.85,54758.55,55008.00016722422,133.99612640710984,107.8,0.1967,TRENDING
2026-10-05T10:28:00.137742,54797.75,HOLD,BULL,False,ema_gap_bull,False,54861.774307530366,54905.58223951943,-43.80793198906031,37.62,-0.413,2.35,2.978,-6.6405,1.407,43.54,0.0795,1.063,TRENDING,flat,54867.85,54726.35,55004.116166095664,133.99612640710984,107.8,0.1967,TRENDING
2026-10-05T10:29:00.125832,54857.0,HOLD,BULL,False,ema_gap_bull,False,54861.24818300366,54903.64764189121,-42.39945888755028,46.83,1.197,16.53,4.066,-1.5772,5.0633,45.96,0.0838,1.117,TRENDING,flat,54814.15,54726.35,55001.628687657234,133.99612640710984,107.8,0.1967,TRENDING
2026-10-05T10:30:00.134138,54857.5,HOLD,BULL,False,ema_gap_bull,False,54861.17216557474,54901.95361671901,-40.78145114427025,47.47,1.203,15.0,-8.575,2.2676,3.8448,45.66,0.0832,1.106,TRENDING,flat,54870.2,54726.35,54999.412793878306,133.99612640710984,107.8,0.1967,TRENDING
2026-10-05T10:31:00.137231,54847.05,HOLD,BULL,False,ema_gap_bull,False,54859.87957837714,54899.82210233787,-39.942523960729886,45.67,0.8,8.05,-2.439,4.0539,1.7863,44.74,0.0816,1.082,TRENDING,flat,54878.65,54735.95,54997.33688245873,143.43427586618782,113.04,0.2061,TRENDING
2026-10-05T10:32:00.132143,54870.35,HOLD,BULL,False,ema_gap_bull,False,54861.257713769795,54898.82319636384,-37.565482594043715,49.27,1.525,3.14,6.006,6.9743,2.9203,44.12,0.0804,1.063,TRENDING,flat,54880.15,54792.7,54995.29089501301,143.43427586618782,113.04,0.2061,TRENDING
2026-10-05T10:33:00.134442,54868.45,HOLD,BULL,False,ema_gap_bull,False,54861.99506471527,54893.01017631489,-31.01511159961956,51.57,0.591,1.27,-4.623,8.2999,1.4482,43.84,0.0799,1.036,TRENDING,flat,54880.15,54836.95,54993.55620212971,143.43427586618782,113.04,0.2061,TRENDING
2026-10-05T10:34:00.127702,54864.7,HOLD,BULL,False,ema_gap_bull,False,54862.363556478456,54907.77853224372,-45.41497576526308,49.51,0.707,2.51,-0.026,9.1147,0.3969,41.98,0.0765,1.013,TRENDING,flat,54893.15,54843.9,54991.80629834257,143.43427586618782,113.04,0.2061,TRENDING
2026-10-05T10:35:00.148701,54868.5,HOLD,BULL,False,ema_gap_bull,False,54862.945009978124,54913.99911741069,-51.054107432566525,49.56,0.841,-0.98,1.38,9.5451,0.2254,41.48,0.0756,0.963,TRENDING,flat,54893.15,54843.9,54990.39021910666,143.43427586618782,113.04,0.2061,TRENDING
2026-10-05T10:36:00.130096,54804.1,HOLD,BULL,False,ema_gap_bull,False,54857.389101777255,54914.444114706435,-57.05501292918052,39.27,-0.519,-9.68,-10.092,5.486,-4.184,43.59,0.0795,1.034,TRENDING,flat,54893.15,54854.35,54988.59848121035,159.39366404686734,109.39,0.1994,TRENDING
2026-10-05T10:37:00.124344,54829.65,HOLD,BULL,False,ema_gap_bull,False,54854.61306945539,54911.53666961671,-56.92360016132443,43.4,0.293,-4.3,13.82,4.3533,-1.1452,42.78,0.078,1.02,TRENDING,flat,54882.0,54791.4,54986.64782970145,159.39366404686734,109.39,0.1994,TRENDING
2026-10-05T10:38:00.126904,54813.85,HOLD,BULL,False,ema_gap_bull,False,54850.79732922685,54905.966753854766,-55.16942462791485,41.92,-0.04,-6.92,-6.305,2.7272,-1.5795,41.81,0.0763,0.992,TRENDING,flat,54879.0,54791.4,54984.847750631474,159.39366404686734,109.39,0.1994,TRENDING
2026-10-05T10:39:00.144379,54766.0,HOLD,BULL,False,ema_gap_bull,False,54842.712672341906,54901.152417548205,-58.43974520629854,35.8,-0.885,-3.32,-4.08,-1.2897,-4.0348,42.54,0.0777,1.008,TRENDING,flat,54868.5,54791.4,54982.75957929002,159.39366404686734,109.39,0.1994,TRENDING
2026-10-05T10:40:00.132620,54744.05,HOLD,BULL,False,ema_gap_bull,False,54833.313078330524,54894.60649995866,-61.29342162813555,33.28,-1.067,-9.92,3.582,-4.9311,-3.6313,41.3,0.0754,0.978,TRENDING,flat,54836.95,54762.25,54980.45956174163,159.39366404686734,109.39,0.1994,TRENDING
2026-10-05T10:41:00.127231,54764.4,HOLD,BULL,False,ema_gap_bull,False,54826.779432704905,54886.7248000137,-59.9453673087919,37.98,-0.527,-4.2,6.391,-5.4516,-0.4469,41.96,0.0766,0.991,TRENDING,flat,54836.95,54744.05,54978.19596971602,158.1968552954204,109.4,0.1998,TRENDING
2026-10-05T10:42:00.130555,54787.1,HOLD,BULL,False,ema_gap_bull,False,54823.28484700599,54884.516720230495,-61.23187322450394,42.44,0.206,6.38,0.489,-3.5701,1.8398,41.17,0.0751,0.972,TRENDING,flat,54813.85,54726.95,54976.11789879987,158.1968552954204,109.4,0.1998,TRENDING
2026-10-05T10:43:00.128279,54802.15,HOLD,BULL,False,ema_gap_bull,False,54821.2275710245,54882.23684790065,-61.00927687614603,44.4,0.492,10.79,-2.543,-1.2115,2.333,40.69,0.0742,0.962,TRENDING,flat,54791.1,54726.95,54974.394365411514,158.1968552954204,109.4,0.1998,TRENDING
2026-10-05T10:44:00.132582,54804.3,HOLD,BULL,False,ema_gap_bull,False,54819.442096707586,54879.45835728466,-60.01626057707472,44.5,0.484,6.84,-1.912,0.6316,1.8339,39.31,0.0717,0.929,TRENDING,flat,54818.45,54726.95,54972.713291908345,158.1968552954204,109.4,0.1998,TRENDING
2026-10-05T10:45:00.131302,54783.15,HOLD,BULL,False,ema_gap_bull,False,54815.848294429015,54875.70822307855,-59.85992864953732,41.33,-0.046,-0.82,-3.199,0.6792,0.0454,38.87,0.071,0.921,TRENDING,flat,54818.45,54759.7,54970.8923121103,158.1968552954204,109.4,0.1998,TRENDING
2026-10-05T10:46:00.128457,54794.9,HOLD,BULL,False,ema_gap_bull,False,54813.51355405987,54871.62786683077,-58.11431277090014,43.59,0.131,-0.96,5.009,1.5241,0.8653,38.96,0.0711,0.922,TRENDING,flat,54818.45,54770.7,54969.21170910079,162.72741401642998,109.19,0.1993,TRENDING
2026-10-05T10:47:00.136067,54767.2,HOLD,BULL,False,ema_gap_bull,False,54809.08244873214,54868.533400230204,-59.4509514980673,39.69,-0.663,-4.69,-5.565,0.6955,-0.8552,38.33,0.07,0.914,TRENDING,flat,54818.2,54770.7,54967.3258864868,162.72741401642998,109.19,0.1993,TRENDING
2026-10-05T10:48:00.128967,54777.6,HOLD,BULL,False,ema_gap_bull,False,54806.27968831834,54864.50783148126,-58.228143162923516,42.41,-0.149,1.05,6.31,1.1737,0.4925,37.93,0.0692,0.91,TRENDING,flat,54815.75,54763.95,54965.5157694761,162.72741401642998,109.19,0.1993,TRENDING
2026-10-05T10:49:00.130283,54788.95,HOLD,BULL,False,ema_gap_bull,False,54804.20692853575,54860.972931092605,-56.7660025568548,43.93,0.026,0.04,-1.641,1.9646,0.8014,36.22,0.0661,0.88,TRENDING,flat,54815.75,54758.95,54963.85574391923,162.72741401642998,109.19,0.1993,TRENDING
2026-10-05T10:50:00.131205,54769.05,HOLD,BULL,False,ema_gap_bull,False,54800.875344466105,54859.409425328675,-58.53408086256968,40.67,-0.359,1.23,-3.533,1.6636,-0.3547,35.2,0.0643,0.863,TRENDING,flat,54795.25,54758.95,54961.655131606385,162.72741401642998,109.19,0.1993,TRENDING
2026-10-05T10:51:00.134827,54752.75,HOLD,BULL,False,ema_gap_bull,False,54796.205820975345,54853.396370327515,-57.19054935216991,38.34,-0.933,-4.15,-0.11,0.4591,-1.1572,35.09,0.0641,0.872,TRENDING,flat,54792.05,54758.95,54959.37290274504,130.28909851978824,106.31,0.1941,TRENDING
2026-10-05T10:52:00.124206,54741.35,HOLD,BULL,False,ema_gap_bull,False,54790.97751158243,54849.100259024766,-58.12274744233582,36.69,-1.198,-6.78,1.042,-0.7362,-1.1979,34.06,0.0622,0.857,TRENDING,flat,54792.05,54751.0,54956.88261708834,130.28909851978824,106.31,0.1941,TRENDING
2026-10-05T10:53:00.127378,54711.3,HOLD,BULL,False,ema_gap_bull,False,54783.3212941887,54843.52015775542,-60.19886356671486,32.51,-1.949,-8.45,-2.6,-3.175,-2.4349,34.18,0.0625,0.871,TRENDING,flat,54788.95,54738.45,54954.09997740971,130.28909851978824,106.31,0.1941,TRENDING
2026-10-05T10:54:00.162232,54697.05,HOLD,BULL,False,ema_gap_bull,False,54775.04785426082,54837.754737829135,-62.7068835683167,30.72,-2.049,-7.53,2.447,-5.1943,-2.0193,34.45,0.063,0.886,TRENDING,flat,54784.9,54709.0,54951.31710075922,130.28909851978824,106.31,0.1941,TRENDING
2026-10-05T10:55:00.379331,54656.8,HOLD,BULL,False,ema_gap_bull,False,54764.36893571401,54830.541095728695,-66.17216001468478,27.02,-2.417,-9.63,-1.956,-8.079,-2.8753,34.65,0.0634,0.899,TRENDING,flat,54759.4,54692.8,54948.22167026305,130.28909851978824,106.31,0.1941,TRENDING
2026-10-05T10:56:00.128922,54674.3,HOLD,BULL,False,ema_gap_bull,False,54755.42595469421,54823.88808481989,-68.4621301256775,28.8,-1.711,-3.26,5.678,-8.7117,-0.6228,35.22,0.0644,0.924,TRENDING,flat,54744.75,54659.65,54944.85395189853,113.64347495535912,105.14,0.1923,TRENDING
2026-10-05T10:57:00.129191,54704.9,HOLD,BULL,False,ema_gap_bull,False,54750.68863350546,54816.16645620106,-65.47782269560412,38.18,-0.056,7.22,6.813,-6.1656,2.6276,35.65,0.0652,0.936,TRENDING,flat,54730.85,54628.85,54942.047914469375,113.64347495535912,105.14,0.1923,TRENDING
2026-10-05T10:58:00.131120,54712.05,HOLD,BULL,False,ema_gap_bull,False,54746.88420764448,54812.52149172248,-65.63728407800227,39.39,0.162,12.0,-7.749,-3.5756,2.577,35.42,0.0647,0.945,TRENDING,flat,54709.7,54628.85,54939.39334692722,113.64347495535912,105.14,0.1923,TRENDING
2026-10-05T10:59:00.126059,54710.45,HOLD,BULL,False,ema_gap_bull,False,54743.18891397798,54809.39641069236,-66.20749671437807,38.36,0.164,9.56,-1.516,-1.6083,1.9417,34.39,0.0629,0.927,TRENDING,flat,54717.3,54628.85,54937.42600592282,113.64347495535912,105.14,0.1923,TRENDING
2026-10-05T11:00:00.144849,54703.7,HOLD,BULL,False,ema_gap_bull,False,54739.441654465154,54802.85104881078,-63.409394345624605,38.54,-0.141,0.01,-0.226,-0.3004,1.3715,34.75,0.0635,0.941,TRENDING,flat,54724.9,54674.0,54935.449035459795,113.64347495535912,105.14,0.1923,TRENDING
2026-10-05T11:01:00.137354,54703.3,HOLD,BULL,False,ema_gap_bull,False,54736.02301164859,54800.65006632637,-64.62705467778142,37.79,-0.075,-1.17,0.531,0.8914,1.1471,34.02,0.0622,0.933,TRENDING,flat,54731.6,54683.2,54933.43471291996,108.21030727979087,104.18,0.1904,TRENDING
2026-10-05T11:02:00.127591,54686.85,HOLD,BULL,False,ema_gap_bull,False,54731.36991540817,54795.21901770068,-63.84910229250818,35.15,-0.58,-3.54,-2.67,0.8247,-0.0408,33.19,0.0607,0.924,TRENDING,flat,54731.6,54689.7,54931.3992970004,108.21030727979087,104.18,0.1904,TRENDING
2026-10-05T11:03:00.127314,54691.4,HOLD,BULL,False,ema_gap_bull,False,54727.485466816186,54790.92073602831,-63.435269212124695,36.38,-0.324,-1.87,3.834,1.278,0.4584,32.8,0.06,0.922,TRENDING,flat,54731.6,54681.95,54929.2852997277,108.21030727979087,104.18,0.1904,TRENDING
2026-10-05T11:04:00.144312,54684.55,HOLD,BULL,False,ema_gap_bull,False,54723.20506876087,54787.149731235935,-63.944662475063524,35.23,-0.583,-3.24,-2.5,1.3032,0.0125,32.11,0.0587,0.912,TRENDING,flat,54714.75,54666.65,54927.32971396411,108.21030727979087,104.18,0.1904,TRENDING
2026-10-05T11:05:00.131049,54683.95,HOLD,BULL,False,ema_gap_bull,False,54719.72625607609,54784.68979212079,-64.96353604470642,36.55,-0.226,0.93,2.838,1.8448,0.5025,31.09,0.0569,0.891,TRENDING,flat,54705.15,54666.65,54925.36796040595,108.21030727979087,104.18,0.1904,TRENDING
2026-10-05T11:06:00.129574,54690.45,HOLD,BULL,False,ema_gap_bull,False,54716.64415927657,54782.19894190241,-65.55478262584074,36.41,-0.047,0.18,-1.135,2.4445,0.5647,30.43,0.0556,0.881,TRENDING,flat,54700.15,54666.65,54923.50571662917,107.71748658778961,101.08,0.1848,TRENDING
2026-10-05T11:07:00.126277,54681.15,HOLD,BULL,False,ema_gap_bull,False,54713.394100704216,54778.50512697656,-65.11102627234504,35.31,-0.23,0.62,-1.27,2.6721,0.222,30.66,0.0561,0.903,TRENDING,flat,54701.45,54670.75,54921.52852084815,107.71748658778961,101.08,0.1848,TRENDING
2026-10-05T11:08:00.136134,54670.15,HOLD,BULL,False,ema_gap_bull,False,54709.413660176404,54774.306657334164,-64.89299715775996,33.03,-0.705,-3.05,-1.269,2.2693,-0.4027,30.13,0.0551,0.897,TRENDING,flat,54701.45,54656.8,54919.61193095035,107.71748658778961,101.08,0.1848,TRENDING
2026-10-05T11:09:00.134863,54644.7,HOLD,BULL,False,ema_gap_bull,False,54703.27448056884,54769.26033137021,-65.98585080137127,28.61,-1.819,-8.17,-2.547,0.4865,-1.7835,30.4,0.0556,0.913,TRENDING,flat,54701.45,54656.8,54917.58205439129,107.71748658778961,101.08,0.1848,TRENDING
2026-10-05T11:10:00.136613,54637.1,HOLD,BULL,False,ema_gap_bull,False,54697.071255941606,54765.170118800714,-68.09886285910761,26.88,-1.778,-8.06,3.645,-0.784,-1.2982,29.59,0.0542,0.895,TRENDING,flat,54691.75,54641.75,54915.4556586751,107.71748658778961,101.08,0.1848,TRENDING
2026-10-05T11:11:00.146184,54641.85,HOLD,BULL,False,ema_gap_bull,False,54691.87754916925,54759.05342532467,-67.17587615542288,29.18,-1.195,-3.94,3.088,-1.0048,-0.1863,28.56,0.0523,0.871,TRENDING,flat,54683.1,54633.65,54913.283601210984,93.78293177506566,97.95,0.1793,TRENDING
2026-10-05T11:12:00.142582,54616.1,HOLD,BULL,False,ema_gap_bull,False,54684.71978196358,54753.715406926895,-68.99562496331782,24.92,-1.864,-3.24,-6.117,-2.4276,-1.4292,29.61,0.0542,0.91,TRENDING,flat,54675.8,54628.55,54910.89865510704,93.78293177506566,97.95,0.1793,TRENDING
2026-10-05T11:13:00.134813,54607.15,HOLD,BULL,False,ema_gap_bull,False,54677.36914593636,54747.84489782507,-70.47575188870542,23.61,-1.848,-3.4,2.843,-3.4863,-1.055,28.91,0.0529,0.894,TRENDING,flat,54652.5,54599.3,54908.5769924878,93.78293177506566,97.95,0.1793,TRENDING
2026-10-05T11:14:00.125344,54621.05,HOLD,BULL,False,ema_gap_bull,False,54672.01640448616,54742.475057608455,-70.4586531222958,30.15,-0.752,0.16,6.998,-2.7985,0.6984,29.16,0.0534,0.91,TRENDING,flat,54643.4,54597.5,54906.10715474582,93.78293177506566,97.95,0.1793,TRENDING
2026-10-05T11:15:00.138097,54598.65,HOLD,BULL,False,ema_gap_bull,False,54664.93887814369,54738.56615856294,-73.62728041925584,25.59,-1.355,0.92,-9.396,-3.369,-0.6172,30.0,0.0549,0.94,TRENDING,flat,54641.85,54597.5,54903.26066864567,93.78293177506566,97.95,0.1793,TRENDING
2026-10-05T11:16:00.147471,54609.6,HOLD,BULL,False,ema_gap_bull,False,54659.61538816025,54732.23607489134,-72.62068673109025,30.09,-0.441,6.74,8.145,-2.5495,0.8526,29.2,0.0535,0.926,TRENDING,flat,54639.4,54582.75,54900.38738924533,82.09031305363897,95.21,0.1744,TRENDING
2026-10-05T11:17:00.127643,54574.25,HOLD,BULL,False,ema_gap_bull,False,54651.34804584123,54724.33939727904,-72.99135143781314,24.91,-1.348,-4.13,-9.655,-3.9069,-1.314,30.54,0.056,0.976,TRENDING,flat,54639.4,54582.75,54897.396765907906,82.09031305363897,95.21,0.1744,TRENDING
2026-10-05T11:18:00.126255,54574.9,HOLD,BULL,False,ema_gap_bull,False,54643.917018137545,54716.35429036616,-72.43727222861344,25.01,-1.177,-0.32,5.264,-4.2084,-0.2471,29.79,0.0546,0.955,TRENDING,flat,54622.9,54561.75,54894.32861694491,82.09031305363897,95.21,0.1744,TRENDING
2026-10-05T11:19:00.379370,54621.55,HOLD,BULL,False,ema_gap_bull,False,54642.348064453385,54709.88494511324,-67.53688065985625,42.53,1.953,12.1,16.913,-0.416,3.8711,32.43,0.0594,1.044,TRENDING,flat,54612.15,54557.7,54891.57460194594,82.09031305363897,95.21,0.1744,TRENDING
2026-10-05T11:20:00.148675,54628.05,HOLD,BULL,False,ema_gap_bull,False,54641.05246086591,54706.63595362058,-65.58349275466753,42.62,1.892,17.57,-16.809,2.4369,2.8547,31.25,0.0572,1.022,TRENDING,flat,54633.6,54557.7,54889.13811622176,82.09031305363897,95.21,0.1744,TRENDING
2026-10-05T11:21:00.144035,54674.05,HOLD,BULL,False,ema_gap_bull,False,54644.048824259895,54704.30296245613,-60.254138196236454,52.9,2.719,27.49,9.823,7.2062,4.7956,33.39,0.0611,1.084,TRENDING,flat,54633.6,54557.7,54887.012733403826,58.97223353278241,95.92,0.1756,TRENDING
2026-10-05T11:22:00.130728,54651.95,HOLD,BULL,False,ema_gap_bull,False,54644.73371747599,54702.10836865193,-57.3746511759382,48.36,1.84,5.9,-14.565,8.7855,1.5823,33.54,0.0614,1.098,TRENDING,flat,54679.15,54566.9,54884.83157854109,58.97223353278241,95.92,0.1756,TRENDING
2026-10-05T11:23:00.128859,54623.0,HOLD,BULL,False,ema_gap_bull,False,54642.68886214689,54698.58391214708,-55.89505000018835,43.19,1.131,0.48,-0.684,7.819,-0.9552,33.37,0.0611,1.089,TRENDING,flat,54679.15,54614.7,54882.532923189116,58.97223353278241,95.92,0.1756,TRENDING
2026-10-05T11:24:00.141793,54560.5,HOLD,BULL,False,ema_gap_bull,False,54634.88545760866,54692.63464099866,-57.74918338999851,34.22,0.126,-18.24,-3.642,3.0868,-4.7178,36.77,0.0674,1.193,TRENDING,flat,54679.15,54619.7,54880.239617839514,58.97223353278241,95.92,0.1756,TRENDING
2026-10-05T11:25:00.153418,54588.1,HOLD,BULL,False,ema_gap_bull,False,54630.41450443902,54686.67727990162,-56.262775462600985,40.63,0.602,-8.43,14.575,1.9358,-1.1021,37.23,0.0682,1.19,TRENDING,flat,54674.05,54541.95,54878.02882497201,58.97223353278241,95.92,0.1756,TRENDING
2026-10-05T11:26:00.145088,54594.15,HOLD,BULL,False,ema_gap_bull,False,54626.96042203588,54685.330774398135,-58.37035236225347,41.22,0.841,-1.84,-4.567,1.8377,-0.1583,37.47,0.0686,1.182,TRENDING,flat,54651.95,54541.95,54876.013127435166,57.251344075921224,97.58,0.1788,TRENDING
2026-10-05T11:27:00.126803,54569.8,HOLD,BULL,False,ema_gap_bull,False,54621.72294381261,54679.920701811934,-58.197757999325404,38.3,0.452,3.88,-4.257,0.4836,-1.3287,36.81,0.0675,1.155,TRENDING,flat,54623.0,54541.95,54873.97804977902,57.251344075921224,97.58,0.1788,TRENDING
2026-10-05T11:28:00.128476,54573.45,HOLD,BULL,False,ema_gap_bull,False,54616.89679921014,54675.63292735997,-58.73612814983062,38.48,0.34,-2.04,2.938,-0.178,-0.6612,35.61,0.0653,1.111,TRENDING,flat,54609.9,54546.5,54871.91719754675,57.251344075921224,97.58,0.1788,TRENDING
2026-10-05T11:29:00.133509,54600.05,HOLD,BULL,False,ema_gap_bull,False,54615.23290986226,54674.106292447264,-58.873382585006766,44.12,1.015,2.98,6.292,1.5167,1.6561,36.31,0.0665,1.116,TRENDING,flat,54609.9,54556.45,54870.0089328981,57.251344075921224,97.58,0.1788,TRENDING
2026-10-05T11:30:00.133762,54636.0,HOLD,BULL,False,ema_gap_bull,False,54617.08689520793,54671.39753036054,-54.310635152607574,50.94,1.534,12.63,0.454,4.9711,3.4851,37.91,0.0694,1.153,TRENDING,flat,54602.55,54556.45,54868.371232952035,57.251344075921224,97.58,0.1788,TRENDING
2026-10-05T11:31:00.134484,54644.75,HOLD,BULL,False,ema_gap_bull,False,54619.6175311262,54670.409216703534,-50.791685577336466,52.34,1.499,14.29,-5.099,7.7087,2.735,37.66,0.0689,1.134,TRENDING,flat,54646.05,54556.45,54866.85111405006,63.24418581835198,98.81,0.1809,TRENDING
2026-10-05T11:32:00.139400,54651.85,HOLD,BULL,False,ema_gap_bull,False,54622.815891529484,54669.15772991928,-46.34183838979516,54.32,1.509,9.69,0.14,9.8465,2.153,37.04,0.0678,1.099,TRENDING,flat,54654.85,54558.25,54865.38019221114,63.24418581835198,98.81,0.1809,TRENDING
2026-10-05T11:33:00.138179,54692.55,HOLD,BULL,False,ema_gap_bull,False,54629.30566057106,54671.27149633821,-41.965835767150566,59.92,1.839,9.07,4.23,13.3164,3.4366,38.0,0.0695,1.111,TRENDING,flat,54654.85,54587.0,54864.09827795884,63.24418581835198,98.81,0.1809,TRENDING
2026-10-05T11:34:00.140717,54702.1,HOLD,BULL,False,ema_gap_bull,False,54636.90257225718,54672.44326926099,-35.54069700380933,62.47,1.804,10.06,-3.373,16.1062,2.7981,38.17,0.0698,1.103,TRENDING,flat,54694.85,54619.55,54863.063399552506,63.24418581835198,98.81,0.1809,TRENDING
2026-10-05T11:35:00.157303,54663.05,HOLD,BULL,False,ema_gap_bull,False,54639.60603950959,54672.03479489801,-32.42875538842054,54.07,0.906,-0.46,-11.187,14.3572,-1.7456,38.78,0.0709,1.109,TRENDING,flat,54723.25,54625.8,54861.896396667085,63.24418581835198,98.81,0.1809,TRENDING
2026-10-05T11:36:00.126277,54644.15,HOLD,BULL,False,ema_gap_bull,False,54640.50843993398,54673.23812928228,-32.72968934829987,50.78,0.589,-9.03,5.838,11.6224,-2.7904,37.47,0.0686,1.054,TRENDING,flat,54723.25,54644.7,54860.57125916599,61.43673411991767,96.8,0.1771,TRENDING
2026-10-05T11:37:00.128693,54616.85,HOLD,BULL,False,ema_gap_bull,False,54638.64564477259,54670.59673818338,-31.951093410796602,46.32,0.035,-16.11,-1.661,7.5514,-4.0554,37.99,0.0696,1.06,TRENDING,flat,54723.25,54645.95,54859.00043223676,61.43673411991767,96.8,0.1771,TRENDING
2026-10-05T11:38:00.138510,54618.8,HOLD,BULL,False,ema_gap_bull,False,54637.472898187116,54668.649698959605,-31.176800772489514,47.34,0.013,-6.43,5.5,5.0144,-2.5314,36.96,0.0677,1.023,TRENDING,flat,54702.1,54603.55,54857.50010737449,61.43673411991767,96.8,0.1771,TRENDING
2026-10-05T11:39:00.156328,54605.8,HOLD,BULL,False,ema_gap_bull,False,54634.89041482554,54666.442888638,-31.55247381245863,44.53,-0.314,-6.1,-3.546,2.1987,-2.8178,36.08,0.0661,0.993,TRENDING,flat,54665.0,54603.55,54856.01997349518,61.43673411991767,96.8,0.1771,TRENDING
2026-10-05T11:40:00.153935,54588.9,HOLD,BULL,False,ema_gap_bull,False,54630.48093091362,54662.12290978391,-31.641978870291496,41.27,-0.757,-4.91,-0.712,-1.0474,-3.2126,35.69,0.0654,0.974,TRENDING,flat,54644.15,54603.55,54854.38072107849,61.43673411991767,96.8,0.1771,TRENDING
2026-10-05T11:41:00.132887,54592.75,HOLD,BULL,False,ema_gap_bull,False,54627.016840202785,54658.387677716804,-31.370837514019513,42.44,-0.54,-4.71,4.459,-2.6318,-1.5562,35.11,0.0643,0.956,TRENDING,flat,54631.6,54580.1,54852.28766377059,51.60682082247513,95.27,0.1745,TRENDING
2026-10-05T11:42:00.148718,54608.85,HOLD,BULL,False,ema_gap_bull,False,54625.087724705,54655.33167410047,-30.24394939546619,45.5,-0.215,0.51,1.52,-2.6326,0.0264,35.16,0.0644,0.957,TRENDING,flat,54630.6,54568.25,54850.298019802205,51.60682082247513,95.27,0.1745,TRENDING
2026-10-05T11:43:00.126991,54585.3,HOLD,BULL,False,ema_gap_bull,False,54622.00178650506,54653.86578185352,-31.863995348459866,42.57,-0.466,1.45,-5.104,-3.3033,-0.6969,35.95,0.0659,0.974,TRENDING,flat,54614.8,54568.25,54848.33912462434,51.60682082247513,95.27,0.1745,TRENDING
2026-10-05T11:44:00.125166,54584.15,HOLD,BULL,False,ema_gap_bull,False,54618.25402077111,54649.33501050927,-31.08098973815504,40.9,-0.78,-1.33,0.783,-4.1668,-0.8176,35.91,0.0658,0.971,TRENDING,flat,54629.5,54568.25,54846.320164766155,51.60682082247513,95.27,0.1745,TRENDING
2026-10-05T11:45:00.131558,54554.65,HOLD,BULL,False,ema_gap_bull,False,54612.19410252064,54643.58847737254,-31.394374851901375,36.98,-1.406,-8.47,-2.717,-6.2212,-2.0007,35.85,0.0657,0.972,TRENDING,flat,54629.5,54568.1,54844.21264887829,51.60682082247513,95.27,0.1745,TRENDING
2026-10-05T11:46:00.135378,54527.2,HOLD,BULL,False,ema_gap_bull,False,54603.941053569484,54639.389451694675,-35.44839812519058,33.2,-1.766,-9.97,0.432,-8.9194,-2.7096,36.34,0.0666,0.988,TRENDING,flat,54629.5,54549.25,54841.76466814691,52.49732096769003,95.41,0.1749,TRENDING
2026-10-05T11:47:00.138616,54541.25,HOLD,BULL,False,ema_gap_bull,False,54598.788698159675,54636.93761866301,-38.14892050333583,39.23,-1.039,-2.62,9.681,-8.4671,0.4243,36.54,0.067,0.991,TRENDING,flat,54602.95,54511.85,54839.39347642985,52.49732096769003,95.41,0.1749,TRENDING
2026-10-05T11:48:00.126649,54532.15,HOLD,BULL,False,ema_gap_bull,False,54592.041468848845,54634.90079038589,-42.85932153704198,35.72,-1.342,-1.14,-8.845,-8.9769,-0.5688,36.41,0.0668,0.985,TRENDING,flat,54584.3,54511.85,54837.1455840275,52.49732096769003,95.41,0.1749,TRENDING
2026-10-05T11:49:00.131859,54536.9,HOLD,BULL,False,ema_gap_bull,False,54586.75320471627,54631.21306406983,-44.45985935356293,37.69,-1.004,4.89,5.096,-8.1485,0.8239,35.48,0.0651,0.967,TRENDING,flat,54561.2,54511.85,54834.857359369715,52.49732096769003,95.41,0.1749,TRENDING
2026-10-05T11:50:00.132742,54522.4,HOLD,BULL,False,ema_gap_bull,False,54580.53433178142,54626.38702013949,-45.852688358070736,35.9,-1.152,-3.11,-4.204,-8.0044,0.1579,34.78,0.0638,0.953,TRENDING,flat,54561.2,54514.85,54832.57370938133,52.49732096769003,95.41,0.1749,TRENDING
2026-10-05T11:51:00.150768,54489.9,HOLD,BULL,False,ema_gap_bull,False,54572.50188076066,54622.36764894344,-49.865768182775355,32.27,-1.376,-3.36,-1.192,-8.8919,-0.9162,36.57,0.0671,1.003,TRENDING,flat,54561.2,54514.0,54830.641420789296,54.83209614906809,93.03,0.1706,TRENDING
2026-10-05T11:52:00.130210,54478.0,HOLD,BULL,False,ema_gap_bull,False,54563.50005215057,54616.50448569667,-53.00443354609888,30.11,-1.454,-7.6,1.164,-9.9505,-1.0534,36.84,0.0676,1.011,TRENDING,flat,54546.5,54469.95,54828.710775781256,54.83209614906809,93.03,0.1706,TRENDING
2026-10-05T11:53:00.129384,54492.8,HOLD,BULL,False,ema_gap_bull,False,54556.90793816484,54611.51250334722,-54.60456518238061,34.42,-0.908,-1.24,6.411,-8.8218,1.134,36.57,0.0671,1.007,TRENDING,flat,54540.05,54469.95,54826.73026958891,54.83209614906809,93.03,0.1706,TRENDING
2026-10-05T11:54:00.381772,54540.0,HOLD,BULL,False,ema_gap_bull,False,54555.46066276155,54608.90921599631,-53.448553234760766,44.51,0.762,12.59,6.243,-4.3684,4.4499,37.9,0.0695,1.044,TRENDING,flat,54529.65,54461.15,54824.9067560041,54.83209614906809,93.03,0.1706,TRENDING
2026-10-05T11:55:00.141641,54533.4,HOLD,BULL,False,ema_gap_bull,False,54553.49559666987,54603.42140613296,-49.925809463093174,44.06,0.572,13.59,-11.494,-1.5758,2.8607,37.01,0.0679,1.013,TRENDING,flat,54546.15,54461.15,54823.33251577184,54.83209614906809,93.03,0.1706,TRENDING
2026-10-05T11:56:00.130643,54555.45,HOLD,BULL,False,ema_gap_bull,False,54553.7516326097,54602.54354019538,-48.79190758567711,47.95,1.484,13.64,5.245,1.9307,3.4808,37.8,0.0693,1.042,TRENDING,flat,54557.95,54461.15,54821.87397851453,27.987483617980615,93.82,0.172,TRENDING
2026-10-05T11:57:00.125783,54532.7,HOLD,BULL,False,ema_gap_bull,False,54551.68983565673,54599.23295425017,-47.54311859343579,43.72,0.833,-0.83,-8.151,2.7293,0.8131,37.08,0.068,1.024,TRENDING,flat,54574.0,54491.1,54820.3492907587,27.987483617980615,93.82,0.172,TRENDING
2026-10-05T11:58:00.126316,54551.7,HOLD,BULL,False,ema_gap_bull,False,54551.66023967449,54595.372650427,-43.71241075250873,47.71,1.484,4.0,7.811,4.5387,1.8618,37.99,0.0696,1.044,TRENDING,flat,54574.0,54524.3,54818.92714584167,27.987483617980615,93.82,0.172,TRENDING
2026-10-05T11:59:00.128943,54523.8,HOLD,BULL,False,ema_gap_bull,False,54549.23771433235,54591.77568214394,-42.53796781159326,43.86,0.644,-4.42,-7.963,4.0762,-0.4391,38.81,0.0712,1.067,TRENDING,flat,54576.25,54524.3,54817.450694089086,27.987483617980615,93.82,0.172,TRENDING
2026-10-05T12:00:00.171884,54490.5,HOLD,BULL,False,ema_gap_bull,False,54543.51251557607,54588.598790583936,-45.08627500786679,38.57,-0.341,-5.72,-1.147,1.4624,-2.6362,39.29,0.0721,1.07,TRENDING,flat,54576.25,54518.3,54815.72660218029,27.987483617980615,93.82,0.172,TRENDING
2026-10-05T12:01:00.136456,54424.55,HOLD,SIDEWAYS,False,5m_sideways,False,54532.629178183735,54583.36451712659,-50.73533894285356,31.77,-1.397,-16.18,-1.366,-3.8356,-5.3248,41.48,0.0762,1.123,TRENDING,flat,54576.25,54481.7,54813.706989039274,12.572409661501297,91.98,0.1688,SIDEWAYS
2026-10-05T12:02:00.126591,54436.8,HOLD,SIDEWAYS,False,5m_sideways,False,54522.81123382316,54577.80529154978,-54.994057726624305,31.75,-1.22,-11.92,6.751,-6.6998,-2.8766,40.48,0.0744,1.088,TRENDING,flat,54568.85,54419.85,54811.595973045136,12.572409661501297,91.98,0.1688,SIDEWAYS
2026-10-05T12:03:00.136051,54475.05,HOLD,SIDEWAYS,False,5m_sideways,False,54518.05806622863,54573.72599163773,-55.66792540909955,40.35,0.382,2.13,8.619,-5.127,1.5718,40.93,0.0751,1.095,TRENDING,flat,54524.45,54418.0,54809.69268626828,12.572409661501297,91.98,0.1688,SIDEWAYS
2026-10-05T12:04:00.138794,54500.95,HOLD,SIDEWAYS,False,5m_sideways,False,54516.44562158269,54570.03638026136,-53.59075867867068,45.41,1.144,13.64,-3.798,-1.822,3.3273,40.68,0.0746,1.079,TRENDING,flat,54490.5,54418.0,54807.98941360931,12.572409661501297,91.98,0.1688,SIDEWAYS
2026-10-05T12:05:00.140229,54527.75,HOLD,SIDEWAYS,False,5m_sideways,False,54517.53022328976,54568.77527629656,-51.245053006801754,49.4,1.662,17.78,-0.694,2.3354,4.147,40.25,0.0738,1.06,TRENDING,flat,54504.25,54418.0,54806.433577695636,12.572409661501297,91.98,0.1688,SIDEWAYS
2026-10-05T12:06:00.147899,54473.2,HOLD,SIDEWAYS,False,5m_sideways,False,54513.114418833844,54563.952507772294,-50.8380889384498,42.22,0.362,1.65,-11.599,1.4433,-0.8659,41.67,0.0765,1.091,TRENDING,flat,54527.8,54435.4,54804.70470675226,13.94536670272646,93.61,0.1717,SIDEWAYS
2026-10-05T12:07:00.380637,54430.65,HOLD,SIDEWAYS,False,5m_sideways,False,54506.46493000717,54559.740609683955,-53.27567967678624,39.05,-0.142,-6.33,4.3,-0.6892,-2.1462,41.56,0.0763,1.081,TRENDING,flat,54527.8,54467.3,54802.54005329891,13.94536670272646,93.61,0.1717,SIDEWAYS
2026-10-05T12:08:00.161734,54410.4,HOLD,SIDEWAYS,False,5m_sideways,False,54497.31750522111,54554.081727523,-56.764222301892005,35.63,-0.662,-13.8,-0.219,-3.8277,-3.1437,43.09,0.0792,1.114,TRENDING,flat,54527.8,54435.65,54800.068795270534,13.94536670272646,93.61,0.1717,SIDEWAYS
2026-10-05T12:09:00.129605,54394.95,HOLD,SIDEWAYS,False,5m_sideways,False,54487.65353013024,54547.24697794166,-59.59344781141408,34.24,-0.849,-7.81,1.932,-6.2672,-2.4229,43.34,0.0797,1.107,TRENDING,flat,54527.75,54379.55,54797.43055666185,13.94536670272646,93.61,0.1717,SIDEWAYS
2026-10-05T12:10:00.153058,54418.3,HOLD,SIDEWAYS,False,5m_sideways,False,54480.99036949342,54541.47396604273,-60.48359654931119,38.17,-0.247,-0.8,5.299,-5.795,0.4905,43.12,0.0792,1.088,TRENDING,flat,54475.8,54371.3,54794.85920933655,13.94536670272646,93.61,0.1717,SIDEWAYS
2026-10-05T12:11:00.147179,54432.95,HOLD,SIDEWAYS,False,5m_sideways,False,54476.411530644014,54536.7821547526,-60.37062410858198,40.72,0.146,5.16,-1.27,-3.9269,1.8796,41.97,0.0771,1.054,TRENDING,flat,54435.8,54371.3,54792.36089061673,-1.3231440126110101,97.42,0.179,SIDEWAYS
2026-10-05T12:12:00.129686,54453.45,HOLD,SIDEWAYS,False,5m_sideways,False,54474.300202316925,54532.2986555155,-57.99845319857559,44.39,0.669,10.14,0.958,-0.9017,3.0582,41.1,0.0755,1.024,TRENDING,flat,54434.0,54371.3,54790.11966173072,-1.3231440126110101,97.42,0.179,SIDEWAYS
2026-10-05T12:13:00.129976,54451.85,HOLD,SIDEWAYS,False,5m_sideways,False,54472.23356307784,54528.598639743905,-56.36507666606485,44.06,0.584,6.0,-3.821,1.2471,2.1639,40.44,0.0743,1.003,TRENDING,flat,54457.4,54386.2,54788.00138523347,-1.3231440126110101,97.42,0.179,SIDEWAYS
2026-10-05T12:14:00.152135,54427.7,HOLD,SIDEWAYS,False,5m_sideways,False,54468.157298616934,54523.34942817183,-55.19212955489638,41.19,-0.047,0.24,-2.888,1.3345,0.1233,40.19,0.0738,0.994,TRENDING,flat,54477.65,54406.5,54785.68230121384,-1.3231440126110101,97.42,0.179,SIDEWAYS
2026-10-05T12:15:00.130927,54436.6,HOLD,SIDEWAYS,False,5m_sideways,False,54465.15435749465,54520.25511314004,-55.10075564539147,42.73,0.183,-2.03,4.443,2.0991,0.7565,39.11,0.0718,0.964,TRENDING,flat,54477.65,54419.9,54783.40770303533,-1.3231440126110101,97.42,0.179,SIDEWAYS
2026-10-05T12:16:00.132979,54472.65,HOLD,SIDEWAYS,False,5m_sideways,False,54465.913374557276,54519.84637502094,-53.93300046366494,48.91,1.473,4.64,5.096,5.1167,2.9796,39.05,0.0717,0.962,TRENDING,flat,54477.65,54419.9,54781.482303447214,-22.46100001224113,96.25,0.1768,SIDEWAYS
2026-10-05T12:17:00.132087,54459.85,HOLD,SIDEWAYS,False,5m_sideways,False,54465.50892172913,54517.75770209108,-52.2487803619515,47.09,1.085,6.0,-8.203,6.2812,1.1594,38.65,0.071,0.95,TRENDING,flat,54474.9,54419.9,54779.90120506378,-22.46100001224113,96.25,0.1768,SIDEWAYS
2026-10-05T12:18:00.128272,54476.5,HOLD,SIDEWAYS,False,5m_sideways,False,54466.77860089023,54516.12189886081,-49.343297970575804,50.03,1.572,7.62,4.716,8.0442,1.7659,37.93,0.0696,0.934,TRENDING,flat,54481.6,54422.3,54778.35948888422,-22.46100001224113,96.25,0.1768,SIDEWAYS
2026-10-05T12:19:00.125416,54507.0,HOLD,SIDEWAYS,False,5m_sideways,False,54471.30313216478,54515.88950984067,-44.586377675892436,55.56,2.142,6.68,2.551,11.2399,3.1999,38.47,0.0706,0.946,TRENDING,flat,54483.3,54436.35,54776.998553791054,-22.46100001224113,96.25,0.1768,SIDEWAYS
2026-10-05T12:20:00.162092,54524.25,HOLD,SIDEWAYS,False,5m_sideways,False,54476.08833154938,54516.08500571937,-39.99667416999,56.5,1.946,9.5,-4.449,13.3448,2.1056,36.87,0.0676,0.911,TRENDING,flat,54521.3,54448.05,54775.69096735521,-22.46100001224113,96.25,0.1768,SIDEWAYS
2026-10-05T12:21:00.130699,54562.85,HOLD,BEAR,False,rsi_z_bear,False,54484.28406116088,54517.235408159606,-32.951346998728695,62.07,2.281,11.97,4.372,16.7391,3.4116,38.07,0.0698,0.945,TRENDING,flat,54521.75,54454.25,54774.62727754951,-41.866379510291154,96.84,0.1776,TRENDING
2026-10-05T12:22:00.132362,54572.85,HOLD,BEAR,False,rsi_z_bear,False,54492.71526689568,54519.550906880206,-26.835639984528825,63.27,2.113,7.77,-4.142,18.8371,2.0944,37.26,0.0683,0.928,TRENDING,flat,54572.4,54476.5,54773.65837424778,-41.866379510291154,96.84,0.1776,TRENDING
2026-10-05T12:23:00.126882,54585.5,HOLD,BEAR,False,rsi_z_bear,False,54502.57301850199,54522.22868147922,-19.655662977223983,66.11,2.038,9.45,1.453,20.7654,1.9369,36.82,0.0674,0.922,TRENDING,flat,54584.6,54505.1,54772.74730453981,-41.866379510291154,96.84,0.1776,TRENDING
2026-10-05T12:24:00.142307,54578.05,HOLD,BEAR,False,rsi_z_bear,False,54509.75789013219,54524.58080849661,-14.82291836442164,62.19,1.434,0.13,-6.643,19.7971,-0.9726,36.32,0.0665,0.915,TRENDING,flat,54596.65,54518.75,54771.876587177154,-41.866379510291154,96.84,0.1776,TRENDING
2026-10-05T12:25:00.141581,54546.0,HOLD,BEAR,False,rsi_z_bear,False,54513.02880052366,54525.37478835508,-12.345987831424281,55.59,0.722,-7.71,-2.663,16.0089,-3.7889,38.45,0.0705,0.97,TRENDING,flat,54600.35,54557.95,54770.98614761998,-41.866379510291154,96.84,0.1776,TRENDING
2026-10-05T12:26:00.130201,54579.35,HOLD,BEAR,False,rsi_z_bear,False,54519.553046201254,54527.38419997608,-7.8311537748231785,60.5,1.105,-5.48,11.503,15.1656,-0.8382,39.1,0.0716,0.988,TRENDING,flat,54603.3,54537.35,54770.074794030785,-32.2674567971917,95.17,0.1745,TRENDING
2026-10-05T12:27:00.130050,54566.5,HOLD,BEAR,False,ema_gap_bear,False,54524.372933400286,54528.61913251052,-4.246199110231828,58.26,0.814,-3.67,-7.075,13.0608,-2.0931,38.59,0.0707,0.98,SIDEWAYS,flat,54603.3,54537.35,54769.15603532748,-32.2674567971917,95.17,0.1745,TRENDING
2026-10-05T12:28:00.135967,54579.95,HOLD,BEAR,False,ema_gap_bear,False,54529.35234486962,54529.420768279866,-0.0684234102445771,59.3,0.813,3.72,3.015,11.3764,-1.6558,38.4,0.0704,0.98,SIDEWAYS,flat,54603.3,54537.35,54768.22832263859,-32.2674567971917,95.17,0.1745,TRENDING
2026-10-05T12:29:00.153157,54592.2,HOLD,BEAR,False,ema_gap_bear,False,54535.20696511671,54531.548618558765,3.658346557946061,61.3,0.937,0.67,1.03,10.5291,-0.8399,38.19,0.07,0.983,SIDEWAYS,flat,54591.5,54538.95,54767.40865372335,-32.2674567971917,95.17,0.1745,TRENDING
2026-10-05T12:30:00.157907,54623.4,HOLD,SIDEWAYS,True,5m_sideways,False,54543.631644155495,54535.347863572344,8.283780583151383,65.16,1.298,6.92,2.184,11.4182,0.8842,39.12,0.0716,1.013,TRENDING,flat,54611.55,54548.9,54766.684607658666,-32.2674567971917,95.17,0.1745,TRENDING
2026-10-05T12:31:00.127490,54620.8,HOLD,SIDEWAYS,True,5m_sideways,False,54552.09141167127,54538.10238419764,13.989027473624446,66.35,1.296,7.06,-3.061,11.7599,0.3695,39.75,0.0728,1.028,TRENDING,flat,54632.85,54548.9,54766.04399134581,-32.1254315813494,93.55,0.1713,TRENDING
2026-10-05T12:32:00.154433,54594.5,HOLD,SIDEWAYS,True,5m_sideways,False,54556.30822816904,54540.01575018298,16.29247798605502,58.8,0.291,-2.59,-8.736,8.8751,-2.875,40.17,0.0736,1.043,TRENDING,flat,54656.8,54575.4,54765.127696158626,-32.1254315813494,93.55,0.1713,TRENDING
2026-10-05T12:33:00.125643,54597.2,HOLD,SIDEWAYS,True,5m_sideways,False,54560.145326460966,54542.78894626646,17.35638019450562,58.55,0.248,-6.59,7.676,6.4267,-2.463,39.75,0.0728,1.031,TRENDING,flat,54656.8,54581.55,54764.127109955334,-32.1254315813494,93.55,0.1713,TRENDING
2026-10-05T12:34:00.127948,54593.45,HOLD,SIDEWAYS,True,5m_sideways,False,54563.39503352024,54543.847333578364,19.54769994187518,58.35,0.043,-8.16,-0.498,4.1636,-2.2377,38.13,0.0698,0.991,TRENDING,flat,54656.8,54577.9,54763.16902240122,-32.1254315813494,93.55,0.1713,TRENDING
2026-10-05T12:35:00.158201,54572.95,HOLD,SIDEWAYS,True,5m_sideways,False,54565.132705323216,54545.80047011581,19.332235207402846,55.16,-0.516,-3.23,-2.309,1.5119,-2.6641,36.71,0.0673,0.96,TRENDING,flat,54630.0,54577.9,54762.154883082825,-32.1254315813494,93.55,0.1713,TRENDING
2026-10-05T12:36:00.147531,54602.8,HOLD,SIDEWAYS,True,5m_sideways,False,54568.99847997425,54546.68039145929,22.318088514963165,59.5,0.074,0.71,6.818,1.0426,-0.4305,38.08,0.0697,0.993,TRENDING,flat,54611.8,54577.65,54761.125853976104,-32.0096318396827,92.25,0.169,TRENDING
2026-10-05T12:37:00.396874,54600.6,HOLD,SIDEWAYS,True,5m_sideways,False,54571.92737944387,54548.78396222494,23.143417218932882,58.43,-0.48,-0.29,-5.345,0.0941,-0.9491,37.31,0.0683,0.979,TRENDING,flat,54614.35,54559.5,54760.24379826014,-32.0096318396827,92.25,0.169,TRENDING
2026-10-05T12:38:00.138334,54608.6,HOLD,SIDEWAYS,True,5m_sideways,False,54575.33330915108,54553.294920732544,22.03838841853576,59.38,-0.214,3.92,2.739,-0.1928,-0.345,36.29,0.0665,0.947,TRENDING,flat,54621.4,54559.5,54759.34256280661,-32.0096318396827,92.25,0.169,TRENDING
2026-10-05T12:39:00.132481,54604.8,HOLD,SIDEWAYS,True,5m_sideways,False,54578.125724838035,54555.35162746192,22.774097376117425,58.95,-0.555,-0.84,-2.034,-0.8132,-0.6215,35.61,0.0652,0.94,TRENDING,flat,54621.4,54559.5,54758.533595071196,-32.0096318396827,92.25,0.169,TRENDING
2026-10-05T12:40:00.379304,54605.65,HOLD,SIDEWAYS,True,5m_sideways,False,54580.837887002555,54559.14214519898,21.695741803574492,58.73,-0.394,0.95,1.072,-1.2332,-0.467,34.69,0.0635,0.913,TRENDING,flat,54627.4,54592.35,54757.650684668115,-32.0096318396827,92.25,0.169,TRENDING
2026-10-05T12:41:00.128254,54621.9,HOLD,SIDEWAYS,True,5m_sideways,False,54584.86049758281,54560.78235542343,24.078142159385607,61.81,0.65,2.78,2.816,-0.6441,0.612,34.91,0.0639,0.926,TRENDING,flat,54627.4,54592.35,54756.9892200463,-44.24944730143034,92.4,0.1692,TRENDING
2026-10-05T12:42:00.151860,54632.8,HOLD,SIDEWAYS,True,5m_sideways,False,54589.54066021632,54562.518739686166,27.021920530154603,63.36,1.342,5.48,-1.208,0.2177,0.8918,33.99,0.0622,0.906,TRENDING,flat,54636.7,54593.2,54756.4243929438,-44.24944730143034,92.4,0.1692,TRENDING
2026-10-05T12:43:00.135877,54660.35,HOLD,SIDEWAYS,True,5m_sideways,False,54596.054056158464,54563.7224344611,32.3316216973617,68.21,2.196,8.89,1.928,2.0101,1.8594,35.0,0.064,0.928,TRENDING,flat,54637.7,54593.2,54755.94778512507,-44.24944730143034,92.4,0.1692,TRENDING
2026-10-05T12:44:00.138917,54649.5,HOLD,SIDEWAYS,True,5m_sideways,False,54601.04371942608,54568.15349587925,32.89022354683402,64.98,1.216,2.74,-6.983,2.2375,0.1981,34.59,0.0633,0.926,TRENDING,flat,54668.35,54598.05,54755.4994230496,-44.24944730143034,92.4,0.1692,TRENDING
2026-10-05T12:45:00.155025,54631.25,HOLD,SIDEWAYS,True,5m_sideways,False,54603.92721935425,54570.868186522275,33.05903283197404,59.6,-0.26,-4.22,-1.991,0.9234,-1.3203,34.11,0.0624,0.919,TRENDING,flat,54668.35,54615.5,54754.97686840672,-44.24944730143034,92.4,0.1692,TRENDING
2026-10-05T12:46:00.130922,54628.25,HOLD,SIDEWAYS,True,5m_sideways,False,54606.545900719575,54572.353593322936,34.19230739663908,59.88,-0.295,-8.16,5.145,-0.2021,-1.1021,33.48,0.0613,0.91,TRENDING,flat,54668.35,54622.0,54754.45011578936,-41.21132606314495,89.58,0.164,TRENDING
2026-10-05T12:47:00.134857,54667.95,HOLD,SIDEWAYS,True,5m_sideways,False,54612.37929123025,54576.05584485159,36.32344637866481,66.58,1.444,1.39,6.403,1.1925,1.3957,34.4,0.0629,0.942,TRENDING,flat,54667.35,54622.0,54754.0214505345,-41.21132606314495,89.58,0.164,TRENDING
2026-10-05T12:48:00.131811,54668.05,HOLD,SIDEWAYS,True,5m_sideways,False,54618.15734391697,54581.00665657057,37.150687346402265,67.43,1.475,7.26,-5.62,2.118,0.8952,33.85,0.0619,0.929,TRENDING,flat,54671.35,54622.0,54753.69235078508,-41.21132606314495,89.58,0.164,TRENDING
2026-10-05T12:49:00.137644,54689.3,HOLD,SIDEWAYS,True,5m_sideways,False,54624.992283696134,54586.719503008506,38.272780687628256,69.83,1.877,9.89,1.76,3.4311,1.2751,34.24,0.0626,0.943,TRENDING,flat,54690.3,54624.15,54753.426078218334,-41.21132606314495,89.58,0.164,TRENDING
2026-10-05T12:50:00.129914,54638.95,HOLD,SIDEWAYS,True,5m_sideways,False,54626.300729575225,54589.118545453945,37.18218412128044,55.58,-1.419,-10.87,-16.828,0.5439,-2.8967,36.08,0.066,1.002,TRENDING,flat,54706.85,54624.7,54753.07356851998,-41.21132606314495,89.58,0.164,TRENDING
2026-10-05T12:51:00.137677,54676.85,HOLD,SIDEWAYS,True,5m_sideways,False,54631.13719243618,54592.95798798083,38.17920445535128,62.02,0.059,-5.45,20.46,0.9015,0.3473,36.59,0.0669,1.021,TRENDING,flat,54706.85,54634.65,54752.69940661645,-34.62651286622713,88.57,0.1621,TRENDING
2026-10-05T12:52:00.129494,54666.85,HOLD,SIDEWAYS,True,5m_sideways,False,54634.36046547335,54597.30928748753,37.051177985820686,59.05,-0.599,-10.83,-9.139,0.0737,-0.8681,36.25,0.0663,1.014,TRENDING,flat,54706.85,54634.05,54752.3999304112,-34.62651286622713,88.57,0.1621,TRENDING
2026-10-05T12:53:00.124228,54608.5,HOLD,SIDEWAYS,True,5m_sideways,False,54631.751264500475,54598.42898667301,33.32227782746486,47.35,-2.425,-7.63,-8.328,-4.4104,-4.5036,38.69,0.0709,1.085,TRENDING,flat,54695.5,54634.05,54751.924166609686,-34.62651286622713,88.57,0.1621,TRENDING
2026-10-05T12:54:00.139930,54595.4,HOLD,SIDEWAYS,True,5m_sideways,False,54628.51750096523,54596.62558013203,31.891920833200857,46.07,-2.28,-15.57,9.782,-7.862,-3.4047,38.07,0.0697,1.068,TRENDING,flat,54691.75,54601.85,54751.35299841578,-34.62651286622713,88.57,0.1621,TRENDING
2026-10-05T12:55:00.389364,54570.8,HOLD,SIDEWAYS,True,5m_sideways,False,54623.0151311343,54594.94459737281,28.070533761492698,41.79,-2.405,-16.87,-2.742,-11.5616,-3.682,38.95,0.0714,1.093,TRENDING,flat,54691.75,54597.95,54750.595688722504,-34.62651286622713,88.57,0.1621,TRENDING
2026-10-05T12:56:00.133900,54593.45,HOLD,SIDEWAYS,True,5m_sideways,False,54619.60439294823,54593.50802899576,26.09636395247071,45.29,-1.713,-2.43,7.524,-12.4409,-0.8495,38.61,0.0707,1.079,TRENDING,flat,54672.6,54546.75,54749.94160213665,-40.838993916455365,93.86,0.172,TRENDING
2026-10-05T12:57:00.128588,54586.5,HOLD,SIDEWAYS,True,5m_sideways,False,54616.50575735439,54593.472757698975,23.032999655413732,45.09,-1.52,-0.97,-3.329,-12.5073,-0.0721,38.71,0.0709,1.082,TRENDING,flat,54627.9,54546.75,54749.15408309124,-40.838993916455365,93.86,0.172,TRENDING
2026-10-05T12:58:00.131247,54595.6,HOLD,SIDEWAYS,True,5m_sideways,False,54614.37606782613,54592.84936001866,21.526707807468483,46.57,-1.21,4.76,1.557,-11.6032,0.9212,39.16,0.0717,1.09,TRENDING,flat,54609.15,54546.75,54748.409153834116,-40.838993916455365,93.86,0.172,TRENDING
2026-10-05T12:59:00.379115,54582.3,HOLD,SIDEWAYS,True,5m_sideways,False,54611.22351359695,54591.51627955178,19.70723404517048,44.41,-1.336,-0.91,-3.89,-11.3799,0.2465,39.88,0.0731,1.103,TRENDING,flat,54623.65,54568.45,54747.6460090627,-40.838993916455365,93.86,0.172,TRENDING
2026-10-05T13:00:00.148412,54596.45,HOLD,SIDEWAYS,True,5m_sideways,False,54609.88977364014,54591.96326701378,17.926506626361515,47.98,-0.885,2.64,5.883,-9.7074,1.6666,39.14,0.0717,1.076,TRENDING,flat,54623.65,54568.45,54746.82238372733,-40.838993916455365,93.86,0.172,TRENDING
2026-10-05T13:01:00.137276,54564.55,HOLD,SIDEWAYS,True,5m_sideways,False,54605.57591532355,54591.40365880207,14.172256521480449,41.89,-1.337,-4.71,-9.386,-10.2983,-0.6044,39.32,0.0721,1.073,TRENDING,flat,54623.65,54572.35,54745.99058036008,-46.13087338986952,90.18,0.1652,TRENDING
2026-10-05T13:02:00.133400,54583.1,HOLD,SIDEWAYS,True,5m_sideways,False,54603.4782224751,54590.51701940081,12.961203074293735,46.08,-0.825,1.81,10.039,-8.9851,1.3285,38.82,0.0711,1.05,TRENDING,flat,54623.6,54560.15,54745.155043635394,-46.13087338986952,90.18,0.1652,TRENDING
2026-10-05T13:03:00.136107,54600.1,HOLD,SIDEWAYS,True,5m_sideways,False,54603.10084039186,54590.47195478003,12.628885611833539,49.22,-0.401,1.6,-0.888,-6.7026,2.293,38.52,0.0706,1.039,TRENDING,flat,54601.85,54560.15,54744.29890767773,-46.13087338986952,90.18,0.1652,TRENDING
2026-10-05T13:04:00.131974,54612.5,HOLD,SIDEWAYS,True,5m_sideways,False,54603.867620382036,54590.14592535684,13.721695025196823,51.53,-0.078,9.75,-0.955,-4.2096,2.5231,37.71,0.0691,1.013,TRENDING,flat,54601.6,54560.15,54743.58297501087,-46.13087338986952,90.18,0.1652,TRENDING
2026-10-05T13:05:00.159226,54609.25,HOLD,SIDEWAYS,True,5m_sideways,False,54604.30379764995,54589.67383079312,14.629966856824467,51.4,-0.154,4.96,-2.882,-2.6146,1.6264,36.84,0.0675,0.985,TRENDING,flat,54614.55,54560.35,54742.88101581953,-46.13087338986952,90.18,0.1652,TRENDING
2026-10-05T13:06:00.141255,54603.75,HOLD,SIDEWAYS,True,5m_sideways,False,54604.40675489926,54591.27468342471,13.132071474552504,50.25,-0.143,1.01,-0.152,-1.642,0.9466,35.38,0.0648,0.944,TRENDING,flat,54614.55,54564.45,54742.17904963019,-43.65485334343248,86.0,0.1575,TRENDING
2026-10-05T13:07:00.149587,54606.35,HOLD,SIDEWAYS,True,5m_sideways,False,54604.70354241347,54591.01850606176,13.685036351707822,51.08,-0.024,-0.79,1.274,-0.8338,0.8318,35.58,0.0652,0.949,TRENDING,flat,54614.55,54587.5,54741.514692954726,-43.65485334343248,86.0,0.1575,TRENDING
2026-10-05T13:08:00.130802,54572.6,HOLD,SIDEWAYS,True,5m_sideways,False,54601.25373985358,54590.48998371022,10.763756143358478,42.42,-1.019,-8.62,-8.959,-2.7533,-1.929,36.14,0.0662,0.962,TRENDING,flat,54613.75,54569.4,54740.94602741484,-43.65485334343248,86.0,0.1575,TRENDING
2026-10-05T13:09:00.139455,54581.4,HOLD,SIDEWAYS,True,5m_sideways,False,54599.22933760334,54589.469400409704,9.759937193637597,45.23,-0.567,-4.96,11.276,-3.081,-0.3116,34.57,0.0633,0.919,TRENDING,flat,54612.15,54568.45,54740.30405507935,-43.65485334343248,86.0,0.1575,TRENDING
2026-10-05T13:10:00.144791,54574.55,HOLD,SIDEWAYS,True,5m_sideways,False,54596.937127115045,54587.87685864857,9.060268466477282,44.3,-0.682,-6.51,-3.881,-3.428,-0.3198,34.36,0.063,0.911,TRENDING,flat,54612.15,54568.45,54739.67238162231,-43.65485334343248,86.0,0.1575,TRENDING
2026-10-05T13:11:00.134429,54597.0,HOLD,SIDEWAYS,True,5m_sideways,False,54597.141845444996,54587.581461532434,9.56038391256152,50.45,0.637,7.69,6.812,-1.9163,1.5312,34.41,0.063,0.918,TRENDING,flat,54612.15,54564.2,54739.04613808417,-43.20499893018132,83.28,0.1526,TRENDING
2026-10-05T13:12:00.135270,54584.95,HOLD,SIDEWAYS,True,5m_sideways,False,54596.32424419954,54588.281623078554,8.042621120985132,48.32,0.177,2.32,-8.162,-1.4905,0.4083,33.74,0.0618,0.904,TRENDING,flat,54599.15,54563.35,54738.506263928844,-43.20499893018132,83.28,0.1526,TRENDING
2026-10-05T13:13:00.133077,54559.9,HOLD,SIDEWAYS,True,5m_sideways,False,54592.70439701153,54589.03129487275,3.6731021387749934,41.63,-1.471,-2.7,-3.73,-3.0132,-1.5736,34.13,0.0626,0.917,SIDEWAYS,flat,54611.7,54563.35,54737.866743095845,-43.20499893018132,83.28,0.1526,TRENDING
2026-10-05T13:14:00.136580,54578.2,HOLD,SIDEWAYS,True,5m_sideways,False,54591.46842893363,54588.39636952738,3.0720594062513555,47.11,0.029,-3.39,11.365,-2.4284,0.592,33.82,0.062,0.919,SIDEWAYS,flat,54611.7,54550.2,54737.25386372604,-43.20499893018132,83.28,0.1526,TRENDING
2026-10-05T13:15:00.139315,54602.65,HOLD,SIDEWAYS,True,5m_sideways,False,54592.44035496178,54589.77183724272,2.6685177190593095,51.44,1.447,3.87,-0.503,-0.4681,1.9377,34.03,0.0623,0.927,SIDEWAYS,flat,54611.7,54550.2,54736.68659169594,-43.20499893018132,83.28,0.1526,TRENDING
2026-10-05T13:16:00.134273,54602.55,HOLD,SIDEWAYS,True,5m_sideways,False,54593.59043552807,54589.37749558264,4.21293994543521,52.45,1.36,10.52,-4.074,0.987,1.4808,32.94,0.0603,0.907,SIDEWAYS,flat,54606.75,54550.2,54736.22746208668,-26.472208720551862,84.53,0.1548,TRENDING
2026-10-05T13:17:00.177131,54573.8,HOLD,SIDEWAYS,True,5m_sideways,False,54592.09781109818,54589.715886278165,2.3819248200161383,46.27,-0.232,-0.39,-6.386,0.2208,-0.7869,32.96,0.0604,0.912,SIDEWAYS,flat,54620.85,54557.35,54735.691617936165,-26.472208720551862,84.53,0.1548,TRENDING
2026-10-05T13:18:00.133778,54570.1,HOLD,SIDEWAYS,True,5m_sideways,False,54590.12293883301,54587.970770518456,2.1521683145547286,44.89,-0.558,-6.38,4.453,-0.672,-0.8658,31.87,0.0584,0.891,SIDEWAYS,flat,54620.85,54571.0,54735.085408560735,-26.472208720551862,84.53,0.1548,TRENDING
2026-10-05T13:19:00.132256,54591.7,HOLD,SIDEWAYS,True,5m_sideways,False,54589.9702461151,54586.479662735066,3.4905833800366963,48.79,0.62,-2.86,5.349,-0.0725,0.6394,31.59,0.0579,0.895,SIDEWAYS,flat,54620.85,54560.2,54734.527315538806,-26.472208720551862,84.53,0.1548,TRENDING
2026-10-05T13:20:00.132740,54595.9,HOLD,SIDEWAYS,True,5m_sideways,False,54589.829309799024,54584.12612056739,5.703189231637225,49.35,0.426,2.8,-4.075,0.321,0.4577,30.87,0.0566,0.881,TRENDING,flat,54606.1,54560.2,54734.01355969945,-26.472208720551862,84.53,0.1548,TRENDING
2026-10-05T13:21:00.135842,54574.8,HOLD,BEAR,True,ema_gap_bear,False,54588.53139692497,54583.82955299392,4.701843931048643,46.86,-0.649,1.1,-2.934,-0.1637,-0.485,30.33,0.0556,0.883,TRENDING,flat,54604.25,54560.2,54733.48513510826,-75.94830314772844,79.28,0.1452,TRENDING
2026-10-05T13:22:00.130252,54597.55,HOLD,BEAR,True,ema_gap_bear,False,54589.47620227044,54586.16534632917,3.31085594126489,52.07,0.985,2.46,8.296,1.0374,1.1546,30.85,0.0565,0.907,SIDEWAYS,flat,54604.25,54565.7,54732.9268561279,-75.94830314772844,79.28,0.1452,TRENDING
2026-10-05T13:23:00.126900,54603.55,HOLD,BEAR,True,ema_gap_bear,False,54590.825994376755,54588.00017562296,2.8258187537940103,53.26,1.265,3.66,-4.171,2.1119,1.0441,30.39,0.0557,0.905,SIDEWAYS,flat,54604.25,54566.05,54732.45390907859,-75.94830314772844,79.28,0.1452,TRENDING
2026-10-05T13:24:00.161835,54605.65,HOLD,BEAR,True,ema_gap_bear,False,54592.21809693379,54589.7643728823,2.453724051491008,52.82,1.516,7.09,-0.785,2.835,0.6946,29.14,0.0534,0.879,SIDEWAYS,flat,54622.15,54566.05,54731.883762394435,-75.94830314772844,79.28,0.1452,TRENDING
2026-10-05T13:25:00.136878,54570.9,HOLD,BEAR,True,ema_gap_bear,False,54590.168957813665,54586.720474455295,3.44848335837014,44.68,-0.856,-6.82,-8.91,0.8994,-1.8749,29.75,0.0545,0.903,SIDEWAYS,flat,54622.15,54566.05,54731.2442654146,-75.94830314772844,79.28,0.1452,TRENDING
2026-10-05T13:26:00.126568,54567.9,HOLD,BEAR,True,ema_gap_bear,False,54588.195917097015,54584.90626778992,3.2896493070948054,44.34,-0.841,-8.32,8.159,-0.4082,-1.2776,28.71,0.0526,0.884,SIDEWAYS,flat,54622.15,54568.9,54730.48245082809,-112.08025472343434,87.83,0.1609,TRENDING
2026-10-05T13:27:00.127513,54535.95,HOLD,BEAR,True,ema_gap_bear,False,54583.08059742446,54581.59500591221,1.4855915122461738,37.51,-2.285,-15.84,-6.709,-3.4219,-2.9785,29.46,0.054,0.913,SIDEWAYS,flat,54611.7,54558.45,54729.6551132017,-112.08025472343434,87.83,0.1609,TRENDING
2026-10-05T13:28:00.130757,54530.85,HOLD,BEAR,True,ema_gap_bear,False,54579.12999440168,54579.437735323336,-0.30774092165665934,39.93,-1.756,-5.32,9.119,-4.6383,-1.2009,28.51,0.0523,0.896,SIDEWAYS,flat,54605.65,54531.75,54728.772072908905,-112.08025472343434,87.83,0.1609,TRENDING
2026-10-05T13:29:00.136173,54551.15,HOLD,BEAR,True,ema_gap_bear,False,54576.48679982666,54579.22456885678,-2.7377690301145776,42.64,-1.039,-2.21,0.739,-4.4647,0.1502,28.35,0.052,0.901,SIDEWAYS,flat,54574.35,54527.8,54727.944359907786,-112.08025472343434,87.83,0.1609,TRENDING
2026-10-05T13:30:00.136693,54569.25,HOLD,BEAR,False,ema_gap_bear,False,54575.80264589626,54579.45273043071,-3.650084534448979,47.59,-0.003,9.71,2.085,-2.9194,1.529,28.31,0.0519,0.91,SIDEWAYS,flat,54570.35,54527.8,54727.16756188789,-112.08025472343434,87.83,0.1609,TRENDING
2026-10-05T13:31:00.129335,54578.3,HOLD,BEAR,False,rsi_z_bear,False,54575.942858368115,54580.236327030005,-4.293468661890074,49.41,0.53,9.8,-2.857,-1.2158,1.6806,27.49,0.0504,0.893,TRENDING,flat,54572.1,54527.8,54726.49786994047,-108.36947880501975,78.56,0.144,TRENDING
2026-10-05T13:32:00.127252,54587.9,HOLD,BEAR,False,ema_gap_bear,False,54577.01916250819,54580.442106849034,-3.4229443408403313,51.74,1.078,9.54,0.5,0.608,1.8257,28.67,0.0525,0.939,SIDEWAYS,flat,54581.1,54529.55,54725.833685656,-108.36947880501975,78.56,0.144,TRENDING
2026-10-05T13:33:00.128917,54582.65,HOLD,BEAR,False,ema_gap_bear,False,54577.266782744395,54579.47179947076,-2.2050167263660114,50.03,0.484,2.56,-4.599,1.2813,0.698,29.85,0.0547,0.983,SIDEWAYS,flat,54601.65,54543.75,54725.32262713041,-108.36947880501975,78.56,0.144,TRENDING
2026-10-05T13:34:00.133982,54586.65,HOLD,BEAR,False,ema_gap_bear,False,54578.110390804315,54580.01897982534,-1.9085890210262733,52.07,0.74,2.18,3.754,2.129,0.8402,29.26,0.0536,0.973,SIDEWAYS,flat,54613.5,54557.7,54724.82556220503,-108.36947880501975,78.56,0.144,TRENDING
2026-10-05T13:35:00.136232,54613.6,HOLD,BEAR,False,ema_gap_bear,False,54581.10724507293,54582.65624862301,-1.5490035500770318,57.32,1.904,5.51,4.066,4.1276,1.9596,29.7,0.0544,0.992,SIDEWAYS,flat,54613.5,54557.7,54724.367808648836,-108.36947880501975,78.56,0.144,TRENDING
2026-10-05T13:36:00.126424,54625.05,HOLD,BEAR,False,ema_gap_bear,False,54585.22658242577,54583.830804868776,1.3957775569942896,60.86,2.137,10.7,-2.527,6.1313,2.0159,29.18,0.0534,0.982,SIDEWAYS,flat,54613.5,54568.5,54724.013876639925,-101.3093496696165,75.28,0.1379,TRENDING
2026-10-05T13:37:00.143465,54667.25,HOLD,BEAR,False,ema_gap_bear,False,54593.04406804181,54587.80295661455,5.241111427261785,68.41,2.597,16.3,4.197,9.8598,3.71,31.58,0.0578,1.065,TRENDING,flat,54631.35,54573.25,54723.80599690728,-101.3093496696165,75.28,0.1379,TRENDING
2026-10-05T13:38:00.126583,54652.85,HOLD,BEAR,False,ema_gap_bear,False,54598.94216029041,54591.87665600625,7.065504284160852,64.41,1.776,6.9,-11.316,10.9249,1.0271,32.15,0.0588,1.081,TRENDING,flat,54682.6,54576.15,54723.60643090791,-101.3093496696165,75.28,0.1379,TRENDING
2026-10-05T13:39:00.136659,54654.05,HOLD,BEAR,False,ema_gap_bear,False,54604.21675142061,54594.620030164915,9.59672125569341,64.47,1.529,3.38,3.645,10.9571,0.0244,31.83,0.0582,1.075,TRENDING,flat,54688.6,54608.75,54723.34422266393,-101.3093496696165,75.28,0.1379,TRENDING
2026-10-05T13:40:00.166233,54686.7,HOLD,BEAR,False,ema_gap_bear,False,54612.16679709742,54599.920619300654,12.246177796769189,69.55,1.861,1.3,5.471,12.5244,1.5238,32.82,0.06,1.097,TRENDING,flat,54688.6,54619.65,54723.16030246498,-101.3093496696165,75.28,0.1379,TRENDING
2026-10-05T13:41:00.131638,54766.65,HOLD,BEAR,False,ema_gap_bear,False,54627.00682485323,54606.94190178248,20.064923070756777,78.07,2.25,13.54,3.174,17.9014,5.3655,37.28,0.0681,1.238,TRENDING,flat,54689.35,54626.95,54723.21292729721,-92.79188466785854,75.21,0.1375,TRENDING
2026-10-05T13:42:00.142541,54813.9,HOLD,BEAR,False,ema_gap_bear,False,54644.89017959418,54616.04474401614,28.84543557804136,81.07,2.101,17.21,-5.268,23.2291,5.3026,38.11,0.0695,1.249,TRENDING,flat,54782.95,54626.95,54723.45597388676,-92.79188466785854,75.21,0.1375,TRENDING
2026-10-05T13:43:00.127595,54808.85,HOLD,BEAR,False,ema_gap_bear,False,54660.208842941574,54622.74253379131,37.46630915026617,78.52,1.664,9.55,-5.702,24.5931,1.3835,39.12,0.0714,1.265,TRENDING,flat,54814.7,54645.05,54723.7331968506,-92.79188466785854,75.21,0.1375,TRENDING
2026-10-05T13:44:00.136915,54797.5,HOLD,BEAR,False,ema_gap_bear,False,54673.41575186818,54628.27334217503,45.14240969315142,77.14,1.358,-1.04,0.528,23.4911,-1.0657,38.84,0.0709,1.228,TRENDING,flat,54830.85,54686.7,54723.97629014188,-92.79188466785854,75.21,0.1375,TRENDING
2026-10-05T13:45:00.136901,54832.2,HOLD,BEAR,False,ema_gap_bear,False,54688.27911211777,54637.68459450139,50.59451761638047,79.25,1.361,-1.9,4.238,23.2987,-0.2325,42.07,0.0767,1.31,TRENDING,flat,54830.85,54765.95,54724.16320882972,-92.79188466785854,75.21,0.1375,TRENDING
2026-10-05T13:46:00.130241,54821.4,HOLD,BEAR,False,ema_gap_bear,False,54701.01541451397,54644.45215679118,56.56325772278797,77.35,1.101,-1.58,-4.407,21.1355,-2.151,42.31,0.0772,1.293,TRENDING,flat,54830.85,54744.6,54724.57195369747,-69.0753938367925,81.14,0.148,TRENDING
2026-10-05T13:47:00.128020,54808.0,HOLD,BEAR,False,ema_gap_bear,False,54711.40184340926,54651.213068374425,60.18877503483236,73.99,0.789,-3.09,-1.332,17.5526,-3.59,40.79,0.0744,1.225,TRENDING,flat,54863.85,54744.6,54724.86837613118,-69.0753938367925,81.14,0.148,TRENDING
2026-10-05T13:48:00.131663,54810.55,HOLD,BEAR,False,ema_gap_bear,False,54720.72065210813,54657.98313616468,62.73751594345231,73.82,0.692,-5.67,3.132,13.9348,-3.6329,39.09,0.0713,1.155,TRENDING,flat,54863.85,54744.6,54725.17945135845,-69.0753938367925,81.14,0.148,TRENDING
2026-10-05T13:49:00.128793,54791.8,HOLD,BEAR,False,ema_gap_bear,False,54727.67247233773,54664.637874372194,63.03459796553216,69.16,0.256,-8.18,-4.305,9.5257,-4.4443,38.04,0.0694,1.105,TRENDING,flat,54863.85,54795.8,54725.48739823477,-69.0753938367925,81.14,0.148,TRENDING
2026-10-05T13:50:00.142769,54800.6,HOLD,BEAR,False,ema_gap_bear,False,54734.74472643627,54670.38333165179,64.36139478447876,69.76,0.309,-3.68,5.562,6.32,-3.2153,39.47,0.072,1.13,TRENDING,flat,54821.4,54787.5,54725.78805462034,-69.0753938367925,81.14,0.148,TRENDING
2026-10-05T13:51:00.125654,54818.0,HOLD,BEAR,False,ema_gap_bear,False,54742.71413478568,54674.72086429325,67.99327049242856,72.26,0.386,-1.45,0.996,4.5267,-1.7546,39.23,0.0716,1.105,TRENDING,flat,54818.05,54759.75,54726.11417514272,-52.014550502208294,81.57,0.1488,TRENDING
2026-10-05T13:52:00.130268,54833.45,HOLD,BEAR,False,ema_gap_bear,False,54751.51283860016,54681.01635388586,70.49648471429828,74.13,0.505,5.02,-0.147,3.7611,-0.7657,39.11,0.0713,1.088,TRENDING,flat,54818.55,54759.75,54726.51574199827,-52.014550502208294,81.57,0.1488,TRENDING
2026-10-05T13:53:00.131903,54846.6,HOLD,BEAR,False,ema_gap_bear,False,54760.6680256268,54687.46136808904,73.2066575377612,75.37,0.603,5.35,-0.535,3.3893,-0.3695,38.52,0.0702,1.061,TRENDING,flat,54839.8,54759.75,54727.007904193306,-52.014550502208294,81.57,0.1488,TRENDING
2026-10-05T13:54:00.147974,54866.15,HOLD,BEAR,False,ema_gap_bear,False,54770.61920307112,54693.91201416851,76.70718890260468,77.45,0.784,5.04,0.436,3.5862,0.2105,38.07,0.0694,1.036,TRENDING,flat,54862.15,54782.35,54727.54433255458,-52.014550502208294,81.57,0.1488,TRENDING
2026-10-05T13:55:00.136821,54878.45,HOLD,BEAR,False,ema_gap_bear,False,54780.825455042235,54702.10744784418,78.71800719805469,78.49,0.939,4.41,-0.596,3.8421,0.23,37.21,0.0678,0.996,TRENDING,flat,54869.8,54801.95,54728.15583866993,-52.014550502208294,81.57,0.1488,TRENDING
2026-10-05T13:56:00.133133,54875.4,HOLD,BEAR,False,ema_gap_bear,False,54789.80195042855,54708.64292614634,81.15902428220579,77.67,0.711,2.09,-2.148,3.0951,-0.7405,36.27,0.0661,0.966,TRENDING,flat,54884.9,54830.55,54728.65216986332,-46.39850533774006,83.63,0.1524,TRENDING
2026-10-05T13:57:00.129818,54874.85,HOLD,BEAR,False,ema_gap_bear,False,54797.71863292264,54715.40015231319,82.31848060945049,76.76,0.482,-0.55,0.102,1.811,-1.2924,35.62,0.0649,0.945,TRENDING,flat,54884.9,54837.75,54729.10089005754,-46.39850533774006,83.63,0.1524,TRENDING
2026-10-05T13:58:00.130116,54863.3,HOLD,BEAR,False,ema_gap_bear,False,54804.149241985535,54721.16049421516,82.98874777037418,73.85,-0.27,-4.73,-2.133,-0.114,-1.9219,35.16,0.0641,0.927,TRENDING,flat,54884.9,54853.7,54729.538671056886,-46.39850533774006,83.63,0.1524,TRENDING
2026-10-05T13:59:00.130150,54833.9,HOLD,BEAR,False,ema_gap_bear,False,54807.15943780146,54725.72754098533,81.43189681613148,63.75,-2.644,-13.98,-7.229,-3.7223,-3.6102,35.69,0.0651,0.938,TRENDING,flat,54885.35,54853.7,54729.92789317049,-46.39850533774006,83.63,0.1524,TRENDING
2026-10-05T14:00:00.151213,54834.4,HOLD,BEAR,False,ema_gap_bear,False,54809.864103909415,54730.71278165404,79.15132225537673,63.63,-2.276,-13.24,10.115,-6.3095,-2.6052,36.27,0.0661,0.946,TRENDING,flat,54885.35,54826.1,54730.28199434264,-46.39850533774006,83.63,0.1524,TRENDING
2026-10-05T14:01:00.129319,54848.0,HOLD,BEAR,False,ema_gap_bear,False,54813.69974288518,54735.84078904135,77.85895384383184,66.38,-1.528,-7.61,2.731,-7.1743,-0.8766,35.6,0.0649,0.933,TRENDING,flat,54885.35,54819.05,54730.62759265087,-33.272711377772794,81.72,0.149,TRENDING
2026-10-05T14:02:00.126219,54846.25,HOLD,BEAR,False,ema_gap_bear,False,54816.86968632318,54741.17596493618,75.69372138700419,64.94,-1.553,1.48,-3.809,-8.0166,-0.8681,34.85,0.0635,0.914,TRENDING,flat,54869.0,54819.05,54730.999692125166,-33.272711377772794,81.72,0.149,TRENDING
2026-10-05T14:03:00.132985,54861.5,HOLD,BEAR,False,ema_gap_bear,False,54821.20740292106,54745.53251029439,75.67489262667368,67.7,-0.892,4.44,3.991,-7.6275,0.3997,35.2,0.0642,0.93,TRENDING,flat,54862.1,54819.05,54731.36184101987,-33.272711377772794,81.72,0.149,TRENDING
2026-10-05T14:04:00.131489,54832.3,HOLD,BEAR,False,ema_gap_bear,False,54822.729587732734,54748.43457555808,74.2950121746544,59.46,-2.118,-6.77,-11.362,-9.0549,-1.4091,36.16,0.0659,0.959,TRENDING,flat,54868.35,54822.9,54731.75013627542,-33.272711377772794,81.72,0.149,TRENDING
2026-10-05T14:05:00.164933,54778.45,HOLD,BEAR,False,ema_gap_bear,False,54818.2649317376,54749.5178392044,68.74709253319452,45.09,-3.112,-20.35,-6.215,-13.814,-4.7594,41.27,0.0753,1.096,TRENDING,flat,54877.5,54828.0,54731.89471444746,-33.272711377772794,81.72,0.149,TRENDING
2026-10-05T14:06:00.135181,54764.15,HOLD,SIDEWAYS,False,5m_sideways,False,54813.16132021332,54751.586372368794,61.57494784452865,42.7,-2.569,-25.29,12.605,-17.159,-3.3839,41.81,0.0763,1.107,TRENDING,flat,54877.5,54729.5,54732.03040478438,-7.111750976706389,90.18,0.1646,SIDEWAYS
2026-10-05T14:07:00.134872,54719.2,HOLD,SIDEWAYS,False,5m_sideways,False,54804.1714820434,54750.50850727151,53.66297477189073,35.58,-2.519,-24.02,-5.143,-21.6589,-4.5054,42.78,0.0782,1.134,TRENDING,flat,54877.5,54729.5,54732.03939993606,-7.111750976706389,90.18,0.1646,SIDEWAYS
2026-10-05T14:08:00.130804,54755.0,HOLD,SIDEWAYS,False,5m_sideways,False,54799.59886058904,54751.414331572334,48.18452901670389,43.47,-1.595,-0.8,15.438,-21.2583,0.3825,43.44,0.0793,1.142,TRENDING,flat,54832.3,54709.0,54732.02898974051,-7.111750976706389,90.18,0.1646,SIDEWAYS
2026-10-05T14:09:00.133636,54782.5,HOLD,SIDEWAYS,False,5m_sideways,False,54797.93432198789,54750.5434743809,47.39084760698461,49.08,-1.123,5.96,-3.308,-18.5451,2.768,42.87,0.0783,1.117,TRENDING,flat,54798.2,54709.0,54732.16269893574,-7.111750976706389,90.18,0.1646,SIDEWAYS
2026-10-05T14:10:00.382428,54768.2,HOLD,SIDEWAYS,False,5m_sideways,False,54795.20097546669,54752.83374479436,42.367230672323785,46.46,-1.148,11.14,-7.259,-16.8638,1.6401,42.73,0.078,1.112,TRENDING,flat,54785.75,54709.0,54732.31198311024,-7.111750976706389,90.18,0.1646,SIDEWAYS
2026-10-05T14:11:00.147957,54801.6,HOLD,SIDEWAYS,False,5m_sideways,False,54795.792055250546,54754.24317790433,41.548877346212976,51.94,-0.628,8.6,8.018,-13.0813,3.7956,42.85,0.0782,1.112,TRENDING,flat,54800.25,54711.35,54732.50218751111,4.466165751291555,87.22,0.1593,SIDEWAYS
2026-10-05T14:12:00.136789,54788.75,HOLD,SIDEWAYS,False,5m_sideways,False,54795.28302500639,54753.30973458328,41.97329042311321,50.35,-0.726,1.59,-7.771,-10.9158,2.2276,41.8,0.0763,1.074,TRENDING,flat,54811.25,54751.1,54732.74645506246,4.466165751291555,87.22,0.1593,SIDEWAYS
2026-10-05T14:13:00.149679,54781.35,HOLD,SIDEWAYS,False,5m_sideways,False,54793.953087832604,54754.04468677075,39.90840106185351,48.53,-0.756,2.17,0.268,-9.6792,1.2463,40.08,0.0732,1.035,TRENDING,flat,54811.25,54758.8,54732.96832090969,4.466165751291555,87.22,0.1593,SIDEWAYS
2026-10-05T14:14:00.148290,54855.85,HOLD,SIDEWAYS,False,5m_sideways,False,54799.91517512181,54756.96220290838,42.952972213432076,60.46,0.13,7.92,13.294,-3.7197,5.9886,44.48,0.0811,1.136,TRENDING,flat,54811.25,54766.25,54733.18212225738,4.466165751291555,87.22,0.1593,SIDEWAYS
2026-10-05T14:15:00.135169,54828.7,HOLD,SIDEWAYS,False,5m_sideways,False,54802.02399007699,54760.1849941472,41.8389959297856,54.26,-0.244,3.84,-17.761,-2.066,1.636,44.45,0.0811,1.127,TRENDING,flat,54860.55,54759.45,54733.58973038177,4.466165751291555,87.22,0.1593,SIDEWAYS
2026-10-05T14:16:00.378289,54770.7,HOLD,SIDEWAYS,False,5m_sideways,False,54799.207336285894,54760.65578856596,38.551547719936934,46.99,-0.771,-1.8,-1.208,-4.1895,-2.1232,46.1,0.0842,1.153,TRENDING,flat,54863.95,54759.45,54733.83249843823,8.450893791603448,88.27,0.161,SIDEWAYS
2026-10-05T14:17:00.126248,54756.55,HOLD,SIDEWAYS,False,5m_sideways,False,54795.52806780776,54760.942965397975,34.58510240978649,45.3,-0.831,-14.96,5.716,-6.1381,-1.9563,44.06,0.0805,1.09,TRENDING,flat,54863.95,54759.45,54733.964092041606,8.450893791603448,88.27,0.161,SIDEWAYS
2026-10-05T14:18:00.137171,54749.35,HOLD,SIDEWAYS,False,5m_sideways,False,54790.99254124516,54759.90986651358,31.082674731580482,43.79,-0.945,-10.58,-0.097,-7.9304,-1.7785,42.63,0.0779,1.045,TRENDING,flat,54863.95,54758.7,54734.01783983213,8.450893791603448,88.27,0.161,SIDEWAYS
2026-10-05T14:19:00.129972,54764.35,HOLD,SIDEWAYS,False,5m_sideways,False,54788.40805711271,54760.70822603245,27.699831080259173,46.19,-0.549,-0.55,4.352,-7.6554,0.258,41.73,0.0762,1.018,TRENDING,flat,54831.5,54736.75,54734.10752703093,8.450893791603448,88.27,0.161,SIDEWAYS
2026-10-05T14:20:00.137404,54809.65,HOLD,SIDEWAYS,False,5m_sideways,False,54790.19164789424,54761.20307553895,28.988572355287033,53.11,0.18,7.59,3.92,-4.3873,3.3031,42.46,0.0775,1.026,TRENDING,flat,54776.1,54736.75,54734.36355994034,8.450893791603448,88.27,0.161,SIDEWAYS
2026-10-05T14:21:00.127192,54810.25,HOLD,SIDEWAYS,False,5m_sideways,False,54792.108315179816,54763.902673003104,28.20564217671199,53.52,0.338,9.71,-6.175,-1.903,2.4639,41.37,0.0755,0.994,TRENDING,flat,54813.15,54736.75,54734.623121732955,15.846953032167221,88.34,0.1612,SIDEWAYS
2026-10-05T14:22:00.131422,54808.2,HOLD,SIDEWAYS,False,5m_sideways,False,54793.38426685281,54766.18185968984,27.202407162971213,52.67,0.358,6.21,-1.252,-0.5708,1.3151,40.33,0.0736,0.963,TRENDING,flat,54813.15,54742.0,54734.883514204936,15.846953032167221,88.34,0.1612,SIDEWAYS
2026-10-05T14:23:00.132848,54794.05,HOLD,SIDEWAYS,False,5m_sideways,False,54793.49442594718,54767.769089292306,25.72533665487572,50.65,0.291,-2.32,-1.097,-0.4235,0.1348,38.75,0.0707,0.922,TRENDING,flat,54814.35,54761.65,54735.073671304526,15.846953032167221,88.34,0.1612,SIDEWAYS
2026-10-05T14:24:00.132441,54782.05,HOLD,SIDEWAYS,False,5m_sideways,False,54792.15119994466,54768.115192446276,24.036007498383697,48.04,-0.058,-5.35,-0.686,-1.3015,-0.8751,37.63,0.0687,0.894,TRENDING,flat,54814.35,54784.55,54735.216740180105,15.846953032167221,88.34,0.1612,SIDEWAYS
2026-10-05T14:25:00.156691,54767.65,HOLD,SIDEWAYS,False,5m_sideways,False,54789.82143123712,54767.966489751736,21.854941485384188,46.1,-0.453,-6.52,0.63,-2.5471,-1.2421,36.9,0.0674,0.882,TRENDING,flat,54814.35,54771.95,54735.33584460745,15.846953032167221,88.34,0.1612,SIDEWAYS
2026-10-05T14:26:00.129601,54785.75,HOLD,SIDEWAYS,False,5m_sideways,False,54789.45825183473,54768.767399298835,20.69085253589583,49.3,0.198,-1.04,5.456,-2.0317,0.5129,36.12,0.0659,0.866,TRENDING,flat,54808.2,54760.75,54735.459039849215,14.057121398829622,86.34,0.1576,SIDEWAYS
2026-10-05T14:27:00.128278,54794.5,HOLD,SIDEWAYS,False,5m_sideways,False,54790.21584855049,54768.30096936236,21.914879188130726,51.81,0.485,3.63,-1.365,-0.9105,1.1632,34.87,0.0636,0.844,TRENDING,flat,54795.05,54760.75,54735.61273843524,14.057121398829622,86.34,0.1576,SIDEWAYS
2026-10-05T14:28:00.126753,54789.2,HOLD,SIDEWAYS,False,5m_sideways,False,54789.83725225538,54769.4755319475,20.361720307875657,49.47,-0.105,3.42,-4.344,-0.8507,0.0474,33.6,0.0613,0.826,TRENDING,flat,54798.0,54760.75,54735.783474195276,14.057121398829622,86.34,0.1576,SIDEWAYS
2026-10-05T14:29:00.140123,54780.45,HOLD,SIDEWAYS,False,5m_sideways,False,54788.94639063033,54769.71228893212,19.234101698209997,48.59,-0.436,-1.22,1.094,-1.1468,-0.291,32.57,0.0595,0.809,TRENDING,flat,54801.0,54765.5,54735.92066208842,14.057121398829622,86.34,0.1576,SIDEWAYS
2026-10-05T14:30:00.154181,54795.9,HOLD,SIDEWAYS,False,5m_sideways,False,54789.8213652509,54771.7973727173,18.023992533599085,51.89,0.496,0.28,4.723,-0.1247,0.9965,32.0,0.0584,0.805,TRENDING,flat,54801.0,54776.35,54736.06479264897,14.057121398829622,86.34,0.1576,SIDEWAYS
2026-10-05T14:31:00.128488,54773.5,HOLD,BULL,False,rsi_z_bull,False,54788.10625775278,54771.36550428833,16.740753464444424,46.52,-0.78,-2.7,-8.805,-1.1746,-1.0385,32.04,0.0585,0.818,TRENDING,flat,54801.0,54775.15,54736.20920063336,30.752705795363,83.25,0.1519,TRENDING
2026-10-05T14:32:00.132358,54766.15,HOLD,BULL,False,rsi_z_bull,False,54786.08602442689,54769.95770300843,16.128321418458654,46.02,-1.009,-2.6,4.331,-2.0996,-0.8925,31.46,0.0574,0.813,TRENDING,flat,54802.4,54769.5,54736.27928551396,30.752705795363,83.25,0.1519,TRENDING
2026-10-05T14:33:00.128700,54804.1,HOLD,BULL,False,macd_bull,False,54787.808838922836,54772.17670454739,15.632134375446185,53.55,0.828,1.35,8.45,-0.152,1.9244,32.12,0.0586,0.839,TRENDING,flat,54802.4,54752.9,54736.42742106383,30.752705795363,83.25,0.1519,TRENDING
2026-10-05T14:34:00.127272,54792.85,HOLD,BULL,False,rsi_z_bull,False,54788.053373441035,54773.77769615048,14.275677290555905,50.58,0.359,3.82,-10.411,0.212,0.3406,31.56,0.0576,0.838,TRENDING,flat,54805.0,54752.9,54736.57750085487,30.752705795363,83.25,0.1519,TRENDING
2026-10-05T14:35:00.137959,54791.6,HOLD,BULL,False,volume_bull,False,54788.377861375666,54774.59296210891,13.784899266756838,50.56,0.572,5.01,3.043,0.4997,0.2845,30.85,0.0563,0.836,TRENDING,flat,54805.0,54752.9,54736.7172118711,30.752705795363,83.25,0.1519,TRENDING
2026-10-05T14:36:00.137841,54777.85,HOLD,BULL,False,rsi_z_bull,False,54787.156770190995,54773.54449086384,13.612279327157012,47.42,-0.589,-5.92,-3.559,-0.375,-0.8461,30.31,0.0553,0.838,TRENDING,flat,54805.0,54764.15,54736.84738370347,27.125141971220728,82.16,0.15,TRENDING
2026-10-05T14:37:00.135234,54783.05,HOLD,BULL,False,rsi_z_bull,False,54786.72542130835,54773.640802858994,13.08461844935664,49.22,-0.181,-1.52,4.916,-0.4373,-0.0554,29.47,0.0538,0.834,TRENDING,flat,54804.1,54773.4,54736.971141792805,27.125141971220728,82.16,0.15,TRENDING
2026-10-05T14:38:00.125421,54778.65,HOLD,BULL,False,rsi_z_bull,False,54785.7906365546,54774.46746448748,11.323172067117412,47.76,-0.747,-3.03,-2.888,-0.7934,-0.3745,28.62,0.0522,0.824,TRENDING,flat,54798.9,54772.4,54737.11641444036,27.125141971220728,82.16,0.15,TRENDING
2026-10-05T14:39:00.141297,54767.75,HOLD,BULL,False,rsi_z_bull,False,54784.07249735377,54774.20607174818,9.866425605592667,45.62,-1.496,-1.72,-0.74,-1.5561,-0.7627,27.98,0.0511,0.823,TRENDING,flat,54796.15,54772.4,54737.25919567522,27.125141971220728,82.16,0.15,TRENDING
2026-10-05T14:40:00.144088,54730.95,HOLD,BULL,False,rsi_z_bull,False,54779.09476079834,54772.03573918116,7.059021617176768,38.95,-2.98,-10.36,-4.988,-4.2414,-2.6719,28.75,0.0525,0.862,TRENDING,flat,54791.6,54766.45,54737.29759060052,27.125141971220728,82.16,0.15,TRENDING
2026-10-05T14:41:00.139912,54728.95,HOLD,BULL,False,ema_gap_bull,False,54774.31214796932,54771.24068033486,3.0714676344650798,38.22,-2.485,-9.59,6.483,-5.8424,-1.6248,27.84,0.0509,0.85,SIDEWAYS,flat,54790.6,54729.95,54737.27022018103,24.91506916473736,78.49,0.1434,TRENDING
2026-10-05T14:42:00.132825,54711.75,HOLD,BULL,False,ema_gap_bull,False,54768.284169050414,54769.092210975,-0.8080419245889061,35.13,-2.523,-10.61,-2.52,-7.6473,-1.8105,27.25,0.0498,0.851,SIDEWAYS,flat,54786.5,54721.35,54737.20697954218,24.91506916473736,78.49,0.1434,TRENDING
2026-10-05T14:43:00.127756,54743.15,HOLD,BULL,False,ema_gap_bull,False,54765.933895622074,54768.165857087915,-2.231961465840868,43.7,-0.568,5.29,11.845,-6.2434,1.402,27.63,0.0505,0.88,SIDEWAYS,flat,54768.5,54708.95,54737.16235147799,24.91506916473736,78.49,0.1434,TRENDING
2026-10-05T14:44:00.128343,54746.2,HOLD,BULL,False,ema_gap_bull,False,54764.00014006435,54765.88314510776,-1.8830050434044097,44.5,-0.467,6.33,-8.314,-4.8645,1.4158,26.9,0.0491,0.868,SIDEWAYS,flat,54743.7,54708.95,54737.18948958002,24.91506916473736,78.49,0.1434,TRENDING
2026-10-05T14:45:00.149915,54756.85,HOLD,BULL,False,ema_gap_bull,False,54763.29015305446,54765.46213392154,-2.1719808670750353,46.95,0.152,12.1,2.199,-2.9544,1.9116,26.42,0.0482,0.871,SIDEWAYS,flat,54754.55,54708.95,54737.22684953689,24.91506916473736,78.49,0.1434,TRENDING
2026-10-05T14:46:00.135686,54756.7,HOLD,BULL,False,ema_gap_bull,False,54762.31277779277,54763.555273973456,-1.2424961806827923,46.57,-0.058,2.49,-3.51,-1.7665,1.2254,26.03,0.0475,0.868,SIDEWAYS,flat,54759.65,54710.6,54737.31456813357,41.04987678834732,78.35,0.1431,TRENDING
2026-10-05T14:47:00.141176,54739.25,HOLD,BULL,False,ema_gap_bull,False,54760.075814895725,54762.871729837745,-2.7959149420203175,43.36,-0.658,-1.29,-2.46,-1.7251,0.0338,25.91,0.0473,0.881,SIDEWAYS,flat,54772.3,54738.1,54737.32412534407,41.04987678834732,78.35,0.1431,TRENDING
2026-10-05T14:48:00.133237,54747.7,HOLD,BULL,False,ema_gap_bull,False,54759.062286292436,54762.7366141392,-3.6743278467620257,46.41,-0.009,-1.06,6.198,-0.8337,0.881,25.52,0.0466,0.878,SIDEWAYS,flat,54772.3,54731.55,54737.34017109242,41.04987678834732,78.35,0.1431,TRENDING
2026-10-05T14:49:00.126632,54755.6,HOLD,BULL,False,ema_gap_bull,False,54758.657573843884,54763.154782953665,-4.49720910978067,47.79,0.345,1.22,-1.483,0.2173,1.0318,25.25,0.0461,0.88,TRENDING,flat,54772.3,54731.55,54737.36367527705,41.04987678834732,78.35,0.1431,TRENDING
2026-10-05T14:50:00.133204,54730.85,HOLD,BULL,False,ema_gap_bull,False,54755.97854932543,54762.198124482544,-6.219575157112558,42.12,-0.806,-1.24,-7.18,-0.5912,-0.817,26.04,0.0476,0.919,TRENDING,flat,54757.85,54731.55,54737.41289739905,41.04987678834732,78.35,0.1431,TRENDING
2026-10-05T14:51:00.132295,54737.4,HOLD,BULL,False,ema_gap_bull,False,54754.25060787811,54761.650820644136,-7.400212766027835,44.09,-0.261,-2.02,7.831,-0.4989,0.0815,26.09,0.0477,0.925,TRENDING,flat,54764.8,54728.0,54737.406224539554,34.27058294152084,75.11,0.1372,TRENDING
2026-10-05T14:52:00.136374,54738.2,HOLD,BULL,False,ema_gap_bull,False,54752.50041504849,54760.33336121256,-7.832946164067835,43.78,-0.365,-4.0,-2.611,-0.4514,0.0555,25.49,0.0466,0.913,TRENDING,flat,54764.8,54720.9,54737.405282496045,34.27058294152084,75.11,0.1372,TRENDING
2026-10-05T14:53:00.164644,54717.05,HOLD,BULL,False,ema_gap_bull,False,54749.09774628929,54758.88497658697,-9.787230297675706,39.59,-1.283,-2.74,-3.96,-1.509,-1.0644,26.21,0.0479,0.954,TRENDING,flat,54764.8,54720.9,54737.382581409875,34.27058294152084,75.11,0.1372,TRENDING
2026-10-05T14:54:00.183489,54732.55,HOLD,BULL,False,ema_gap_bull,False,54747.629551379956,54758.84480022949,-11.215248849533964,44.74,0.043,0.4,9.678,-0.8951,0.5888,26.82,0.049,0.982,TRENDING,flat,54746.9,54707.85,54737.38433788584,34.27058294152084,75.11,0.1372,TRENDING
2026-10-05T14:55:00.202145,54751.25,HOLD,BULL,False,ema_gap_bull,False,54748.22695685119,54759.258060644715,-11.03110379352438,50.61,1.396,6.3,0.329,0.9342,1.8133,27.0,0.0493,0.998,TRENDING,flat,54751.05,54707.85,54737.390892951,34.27058294152084,75.11,0.1372,TRENDING
2026-10-05T14:56:00.127235,54717.0,HOLD,BULL,False,ema_gap_bull,False,54745.2672398794,54759.34679697473,-14.07955709532689,41.73,-0.483,2.66,-13.918,-0.1829,-1.163,27.94,0.0511,1.029,TRENDING,flat,54753.85,54707.85,54737.37556316796,35.55040441201709,72.18,0.1318,TRENDING
2026-10-05T14:57:00.130176,54704.9,HOLD,BULL,False,ema_gap_bull,False,54741.84241831122,54756.88090260549,-15.0384842942658,40.33,-0.811,-4.19,6.829,-1.2966,-1.1004,27.98,0.0511,1.039,TRENDING,flat,54753.85,54715.15,54737.29221631906,35.55040441201709,72.18,0.1318,TRENDING
2026-10-05T14:58:00.132692,54693.95,HOLD,BULL,False,ema_gap_bull,False,54737.28105233826,54754.39061442553,-17.109562087272934,37.82,-1.536,-12.75,-1.413,-2.7929,-1.4957,28.05,0.0513,1.045,TRENDING,flat,54753.85,54689.2,54737.18541281654,35.55040441201709,72.18,0.1318,TRENDING
2026-10-05T14:59:00.134276,54685.0,HOLD,BULL,False,ema_gap_bull,False,54732.31298440432,54753.02417884687,-20.71119444254873,36.77,-1.845,-6.07,1.299,-4.007,-1.2497,28.66,0.0524,1.063,TRENDING,flat,54751.25,54685.1,54737.07832889372,35.55040441201709,72.18,0.1318,TRENDING
2026-10-06T09:15:00.094321,54901.3,HOLD,BULL,False,macd_bull,False,54723.50810173981,54717.58242924415,5.925672495664912,88.22,3.819,31.13,30.577,13.0952,11.4866,22.92,0.0417,1.118,TRENDING,flat,54714.1,54713.6,54901.30000000001,35.530369086554856,60.57,0.1107,TRENDING
2026-10-06T09:16:00.083753,54913.6,HOLD,BULL,False,volume_bull,False,54741.72867376506,54725.016900804905,16.711772960152302,89.08,2.867,29.88,-28.407,20.3893,7.302,31.12,0.0567,1.506,TRENDING,flat,54901.3,54713.6,54925.27158590309,38.51655951734574,68.45,0.1247,TRENDING
2026-10-06T09:17:00.084348,54904.1,HOLD,BULL,False,volume_bull,False,54757.1888638265,54735.06349120137,22.125372625130694,84.58,2.075,28.11,-4.602,23.143,2.6738,35.07,0.0639,1.633,TRENDING,flat,55021.0,54713.6,54904.61255506604,38.51655951734574,68.45,0.1247,TRENDING
2026-10-06T09:18:00.081465,54981.5,HOLD,BULL,False,rsi_slope_bull,False,54777.814210544864,54743.321446380956,34.49276416390785,87.84,2.021,0.44,7.607,27.8756,4.7617,38.44,0.0699,1.781,TRENDING,flat,55021.0,54836.45,54914.11712827983,38.51655951734574,68.45,0.1247,TRENDING
2026-10-06T09:19:00.108233,54984.55,HOLD,BULL,False,rsi_slope_bull,False,54797.336970097545,54750.428709691616,46.90826040592947,88.72,1.756,-0.04,-3.191,29.6891,1.8738,39.93,0.0726,1.803,TRENDING,flat,55021.0,54836.45,54934.70974945527,38.51655951734574,68.45,0.1247,TRENDING
2026-10-06T09:20:00.092924,54943.6,HOLD,BULL,False,rsi_slope_bull,False,54811.26148410727,54757.3562119045,53.90527220276999,77.38,0.833,-7.56,-11.828,26.4697,-3.2024,41.66,0.0758,1.852,TRENDING,flat,55027.45,54836.45,54937.265213600636,38.51655951734574,68.45,0.1247,TRENDING
2026-10-06T09:21:00.080885,54873.15,HOLD,BULL,False,rsi_z_bull,False,54817.157991124535,54761.60574291148,55.552248213054554,62.11,-0.349,-26.5,-3.935,18.2069,-8.2551,44.92,0.0819,1.918,TRENDING,flat,55027.45,54897.25,54933.12869090907,44.829681118848384,77.53,0.1411,TRENDING
2026-10-06T09:22:00.079715,54895.75,HOLD,BULL,False,rsi_z_bull,False,54824.59556185305,54767.455905560164,57.139656292885775,64.6,-0.253,-24.42,17.721,13.0874,-5.1356,45.16,0.0823,1.844,TRENDING,flat,55027.45,54870.0,54925.74187422162,44.829681118848384,77.53,0.1411,TRENDING
2026-10-06T09:23:00.087383,54896.4,HOLD,BULL,False,rsi_z_bull,False,54831.58250843819,54774.413178642775,57.16932979541161,64.69,-0.173,-12.75,-2.103,8.9542,-4.1818,44.87,0.0817,1.746,TRENDING,flat,54984.55,54855.55,54922.138294405166,44.829681118848384,77.53,0.1411,TRENDING
2026-10-06T09:24:00.085432,54880.95,HOLD,BULL,False,rsi_z_bull,False,54836.55104090607,54778.72534401436,57.82569689171214,61.82,-0.4,-0.18,-3.135,4.5095,-4.4453,44.47,0.081,1.666,TRENDING,flat,54957.15,54855.55,54918.32146294509,44.829681118848384,77.53,0.1411,TRENDING
2026-10-06T09:25:00.084534,54886.05,HOLD,BULL,False,rsi_z_bull,False,54840.6026396024,54782.57807816956,58.024561432845076,60.76,-0.456,-3.51,1.889,0.7196,-3.7877,43.75,0.0797,1.569,TRENDING,flat,54916.2,54855.55,54914.3393396633,44.829681118848384,77.53,0.1411,TRENDING
2026-10-06T09:26:00.079667,54863.35,HOLD,BULL,False,rsi_z_bull,False,54842.48338728853,54785.053379156605,57.43000813192339,56.97,-0.752,-7.61,-2.859,-3.3698,-4.0742,43.55,0.0794,1.498,TRENDING,flat,54916.2,54863.2,54909.41553816044,60.269774658372626,78.79,0.1436,TRENDING
2026-10-06T09:27:00.079658,54858.1,HOLD,BULL,False,rsi_z_bull,False,54844.13811354495,54787.49960301863,56.63851052631799,56.85,-0.754,-4.87,3.708,-6.2536,-2.8709,41.92,0.0764,1.381,TRENDING,flat,54907.65,54844.8,54906.59374319909,60.269774658372626,78.79,0.1436,TRENDING
2026-10-06T09:28:00.085902,54872.55,HOLD,BULL,False,rsi_z_bull,False,54846.90111373847,54790.27367761261,56.627436125862005,59.2,-0.685,-1.82,2.209,-7.3397,-1.0707,41.09,0.0749,1.298,TRENDING,flat,54897.75,54844.8,54903.8668703326,60.269774658372626,78.79,0.1436,TRENDING
2026-10-06T09:29:00.086699,54895.55,HOLD,BULL,False,rsi_z_bull,False,54851.36418199391,54795.06709291459,56.2970890793149,62.22,-0.447,5.09,0.97,-6.7326,0.5877,40.32,0.0735,1.225,TRENDING,flat,54886.05,54844.8,54903.008333333295,60.269774658372626,78.79,0.1436,TRENDING
2026-10-06T09:30:00.094937,54900.55,HOLD,BULL,False,rsi_z_bull,False,54855.93717566447,54799.51313578448,56.42403987998841,62.95,-0.381,6.04,-2.262,-6.0589,0.6643,38.83,0.0707,1.138,TRENDING,flat,54900.3,54845.85,54902.391930141464,60.269774658372626,78.79,0.1436,TRENDING
2026-10-06T09:31:00.082404,54928.55,HOLD,BULL,False,rsi_z_bull,False,54862.83186900435,54804.34961433047,58.48225467387965,66.92,-0.103,7.93,3.174,-3.8822,2.1824,39.2,0.0714,1.106,TRENDING,flat,54904.3,54845.85,54903.732393965256,69.9763309794289,77.29,0.1408,TRENDING
2026-10-06T09:32:00.090711,54922.3,HOLD,BULL,False,rsi_z_bull,False,54868.8211561911,54808.753896666625,60.06725952447596,66.4,-0.23,4.11,-4.67,-2.8795,1.0121,38.12,0.0694,1.036,TRENDING,flat,54941.05,54869.9,54905.08449255746,69.9763309794289,77.29,0.1408,TRENDING
2026-10-06T09:33:00.084057,54952.6,HOLD,BULL,False,rsi_z_bull,False,54876.45762305737,54814.88129041172,61.57633264565084,69.11,0.015,6.38,3.742,-0.9861,1.8768,38.39,0.0699,1.006,TRENDING,flat,54942.3,54884.5,54906.51249354667,69.9763309794289,77.29,0.1408,TRENDING
2026-10-06T09:34:00.083754,54975.0,HOLD,BULL,False,rsi_z_bull,False,54885.93990888344,54820.290908967756,65.64899991568382,72.42,0.197,5.49,0.09,1.5673,2.5774,39.49,0.0718,0.995,TRENDING,flat,54959.05,54897.05,54909.36655155401,69.9763309794289,77.29,0.1408,TRENDING
2026-10-06T09:35:00.084080,54995.7,HOLD,BULL,False,volume_bull,False,54896.43365879462,54826.887869544655,69.54578924996895,74.72,0.442,8.14,-1.048,3.9835,2.4241,38.53,0.0701,0.953,TRENDING,flat,54998.85,54917.3,54912.50102739722,69.9763309794289,77.29,0.1408,TRENDING
2026-10-06T09:36:00.350012,54987.7,HOLD,BULL,False,rsi_z_bull,False,54904.990235149075,54834.62062891288,70.36960623619234,71.54,0.315,2.33,-4.961,4.2935,0.2709,37.52,0.0682,0.919,TRENDING,flat,54998.85,54917.3,54915.46699909335,83.70443153685483,78.3,0.1424,TRENDING
2026-10-06T09:37:00.334358,54966.3,HOLD,BULL,False,rsi_z_bull,False,54911.01582110731,54839.38420565404,71.63161545326875,66.71,-0.121,-5.81,-2.083,2.6801,-1.6008,37.29,0.0678,0.913,TRENDING,flat,54998.85,54945.4,54917.415838238434,83.70443153685483,78.3,0.1424,TRENDING
2026-10-06T09:38:00.355168,55004.5,HOLD,BULL,False,rsi_slope_bull,False,54920.18136421671,54846.014034514716,74.16732970199519,71.23,0.598,-3.15,9.642,3.6093,0.928,37.88,0.0689,0.928,TRENDING,flat,54998.4,54952.95,54920.10055578849,83.70443153685483,78.3,0.1424,TRENDING
2026-10-06T09:39:00.345090,55013.15,HOLD,BULL,False,rsi_slope_bull,False,54929.36415479154,54852.13113916021,77.23301563133282,72.41,1.062,0.69,-3.659,4.1656,0.5715,37.06,0.0674,0.911,TRENDING,flat,55008.7,54952.95,54923.44736043678,83.70443153685483,78.3,0.1424,TRENDING
2026-10-06T09:40:00.332401,55024.1,HOLD,BULL,False,volume_bull,False,54938.721765678485,54859.23433018128,79.4874354972053,73.5,1.384,6.86,0.161,4.5778,0.4063,36.04,0.0655,0.892,TRENDING,flat,55029.95,54952.95,54926.80464390232,83.70443153685483,78.3,0.1424,TRENDING
2026-10-06T09:41:00.086145,55045.95,HOLD,BULL,False,volume_bull,False,54948.99906229372,54866.39042643653,82.60863585719198,75.38,1.529,4.13,0.776,5.3613,0.7886,35.66,0.0648,0.894,TRENDING,flat,55029.95,54963.05,54930.86620605363,91.66927272496832,79.39,0.1443,TRENDING
2026-10-06T09:42:00.084263,55066.65,HOLD,BULL,False,volume_bull,False,54960.13837653155,54873.7741344039,86.36424212764541,76.9,1.611,4.99,-0.12,6.3441,0.9945,34.93,0.0634,0.886,TRENDING,flat,55049.8,55003.6,54935.67421451768,91.66927272496832,79.39,0.1443,TRENDING
2026-10-06T09:43:00.087850,55057.75,HOLD,BULL,False,macd_bull,False,54969.589125415034,54879.5580926138,90.03103280123469,75.32,1.158,1.73,-3.846,5.7142,-0.5905,35.02,0.0636,0.897,TRENDING,flat,55066.0,55006.6,54940.45179500506,91.66927272496832,79.39,0.1443,TRENDING
2026-10-06T09:44:00.083830,55059.55,HOLD,BULL,False,rsi_slope_bull,False,54978.075208914874,54886.50177582918,91.57343308569398,74.86,1.018,-0.44,1.756,4.508,-1.204,34.03,0.0618,0.887,TRENDING,flat,55073.9,55019.1,54945.00581860602,91.66927272496832,79.39,0.1443,TRENDING
2026-10-06T09:45:00.084907,55035.2,HOLD,BULL,False,rsi_z_bull,False,54983.48612412355,54891.62246405604,91.86366006750904,67.78,-0.23,-9.74,-7.2,1.4905,-2.9991,34.12,0.062,0.9,TRENDING,flat,55073.9,55038.4,54948.57465478468,91.66927272496832,79.39,0.1443,TRENDING
2026-10-06T09:46:00.084966,55037.55,HOLD,BULL,False,rsi_z_bull,False,54988.45981382924,54898.54802902171,89.91178480753297,67.71,-0.292,-7.65,7.578,-0.8925,-2.4166,33.29,0.0605,0.888,TRENDING,flat,55073.9,55024.4,54951.6886419943,105.75649639037874,77.55,0.1409,TRENDING
2026-10-06T09:47:00.102021,55032.45,HOLD,BULL,False,rsi_z_bull,False,54992.70751457891,54903.94688779442,88.76062678449671,66.93,-0.613,-8.21,-0.921,-3.0148,-2.1256,32.51,0.0591,0.881,TRENDING,flat,55069.35,55023.5,54954.86830343789,105.75649639037874,77.55,0.1409,TRENDING
2026-10-06T09:48:00.101154,55067.95,HOLD,BULL,False,rsi_z_bull,False,54999.853204950385,54910.80251071312,89.05069423726673,71.89,0.335,4.3,5.858,-2.455,0.5484,34.18,0.0621,0.934,TRENDING,flat,55059.55,55023.5,54957.83454322405,105.75649639037874,77.55,0.1409,TRENDING
2026-10-06T09:49:00.090570,55049.6,HOLD,BULL,False,rsi_z_bull,False,55004.66713544676,54916.270810335955,88.39632511080708,66.26,-0.991,-1.16,-10.444,-3.5686,-1.1134,33.61,0.0611,0.927,TRENDING,flat,55068.65,55012.9,54961.06450690464,105.75649639037874,77.55,0.1409,TRENDING
2026-10-06T09:50:00.089976,55040.8,HOLD,BULL,False,rsi_z_bull,False,55008.10730767816,54920.44527179103,87.6620358871296,63.68,-1.821,-3.27,2.57,-5.1799,-1.5926,33.18,0.0603,0.921,TRENDING,flat,55068.65,55012.9,54963.400067503666,105.75649639037874,77.55,0.1409,TRENDING
2026-10-06T09:51:00.100851,55031.85,HOLD,BULL,False,rsi_z_bull,False,55010.423713219214,54925.17994694778,85.24376627143647,61.18,-2.111,-10.78,0.353,-6.8999,-1.729,32.77,0.0595,0.919,TRENDING,flat,55068.65,55012.9,54965.61005641557,108.30777635864797,76.53,0.139,TRENDING
2026-10-06T09:52:00.105388,55023.3,HOLD,BULL,False,rsi_z_bull,False,55011.76218257492,54929.39477421671,82.36740835821547,58.5,-2.211,-7.62,0.157,-8.5679,-1.6765,31.79,0.0578,0.899,TRENDING,flat,55067.95,55023.1,54967.19992956838,108.30777635864797,76.53,0.139,TRENDING
2026-10-06T09:53:00.096241,55029.25,HOLD,BULL,False,rsi_z_bull,False,55013.41944154618,54932.30223133577,81.11721021041012,59.85,-1.758,-3.85,3.341,-9.3144,-0.72,31.69,0.0576,0.903,TRENDING,flat,55057.45,55023.1,54968.40682868923,108.30777635864797,76.53,0.139,TRENDING
2026-10-06T09:54:00.106125,55026.45,HOLD,BULL,False,rsi_z_bull,False,55014.81501072414,54936.323924309436,78.4910864147023,59.41,-1.596,-1.73,-1.391,-9.7538,-0.4463,31.03,0.0564,0.896,TRENDING,flat,55057.45,55001.35,54969.68504513294,108.30777635864797,76.53,0.139,TRENDING
2026-10-06T09:55:00.105934,55030.65,HOLD,BULL,False,rsi_z_bull,False,55016.34241914417,54940.06342508778,76.27899405639619,59.77,-1.322,1.27,1.039,-9.7265,0.0264,30.3,0.0551,0.887,TRENDING,flat,55043.3,55001.35,54970.81567528901,108.30777635864797,76.53,0.139,TRENDING
2026-10-06T09:56:00.085790,55057.3,HOLD,BULL,False,rsi_z_bull,False,55020.250379023666,54943.805067416186,76.44531160748011,65.84,-0.369,5.86,4.954,-7.8851,1.8641,30.89,0.0561,0.91,TRENDING,flat,55031.15,55001.35,54972.77866130719,127.78716224745585,76.07,0.1382,TRENDING
2026-10-06T09:57:00.086162,55060.45,HOLD,BULL,False,rsi_z_bull,False,55023.93169847217,54948.94817798031,74.9835204918636,66.13,-0.318,6.51,-5.322,-6.543,1.3256,29.71,0.054,0.886,TRENDING,flat,55066.15,55006.6,54974.652012542654,127.78716224745585,76.07,0.1382,TRENDING
2026-10-06T09:58:00.081587,55049.2,HOLD,BULL,False,rsi_z_bull,False,55026.25872050066,54953.606255841114,72.6524646595426,61.49,-0.847,2.02,-4.21,-6.3527,0.1702,29.18,0.053,0.882,TRENDING,flat,55068.35,55009.7,54976.382854588024,127.78716224745585,76.07,0.1382,TRENDING
2026-10-06T09:59:00.088562,55053.0,HOLD,BULL,False,rsi_z_bull,False,55028.536953029135,54956.00265757805,72.5342954510852,62.29,-0.713,-3.24,4.445,-6.1332,0.2562,28.62,0.052,0.876,TRENDING,flat,55070.8,55028.35,54977.63618385006,127.78716224745585,76.07,0.1382,TRENDING
2026-10-06T10:00:00.093653,55018.5,HOLD,BULL,False,rsi_z_bull,False,55027.691306368186,54958.00758035415,69.68372601403826,51.84,-2.054,-13.92,-10.875,-7.9169,-1.7707,29.54,0.0537,0.914,TRENDING,flat,55070.8,55030.1,54978.73183772165,127.78716224745585,76.07,0.1382,TRENDING
2026-10-06T10:01:00.085971,55014.75,HOLD,BULL,False,rsi_z_bull,False,55026.13478824911,54959.49430303896,66.64048521014774,49.54,-2.062,-12.42,8.037,-9.4394,-1.5065,29.3,0.0533,0.916,TRENDING,flat,55070.8,55011.25,54979.351275698486,128.56676184773096,72.77,0.1323,TRENDING
2026-10-06T10:02:00.092588,54995.75,HOLD,BULL,False,rsi_z_bull,False,55023.22504702622,54960.70648866552,62.51855836070172,45.22,-2.273,-17.22,-1.901,-11.1643,-1.7195,29.99,0.0545,0.944,TRENDING,flat,55053.0,54997.85,54979.52394453643,128.56676184773096,72.77,0.1323,TRENDING
2026-10-06T10:03:00.338003,54997.55,HOLD,BULL,False,rsi_z_bull,False,55020.778338238924,54961.97205507605,58.80628316287766,45.72,-1.933,-6.08,4.93,-11.7736,-0.6046,28.75,0.0523,0.917,TRENDING,flat,55053.0,54977.0,54979.82443112559,128.56676184773096,72.77,0.1323,TRENDING
2026-10-06T10:04:00.355544,54955.5,HOLD,BULL,False,rsi_z_bull,False,55014.66070055697,54961.09928306036,53.561417496610375,36.24,-2.533,-13.01,-9.984,-14.375,-2.584,29.79,0.0542,0.955,TRENDING,flat,55024.05,54977.0,54979.84238978655,128.56676184773096,72.77,0.1323,TRENDING
2026-10-06T10:05:00.587780,54931.4,HOLD,BULL,False,rsi_z_bull,False,55006.82709131381,54958.904116761456,47.9229745523553,32.14,-2.371,-12.96,5.216,-16.9831,-2.5799,29.63,0.0539,0.955,TRENDING,flat,55015.75,54955.65,54979.14360242973,128.56676184773096,72.77,0.1323,TRENDING
2026-10-06T10:06:00.354178,54913.65,HOLD,BULL,False,rsi_z_bull,False,54997.900215192254,54956.46810688941,41.43210830284079,29.21,-2.173,-16.49,1.274,-19.1003,-2.1004,29.38,0.0535,0.956,TRENDING,flat,55001.4,54929.55,54978.230167517126,114.73046441715996,74.74,0.1361,TRENDING
2026-10-06T10:07:00.338213,54922.5,HOLD,BULL,False,rsi_z_bull,False,54990.8323251133,54954.455711745795,36.376613367501704,33.03,-1.64,-3.58,6.527,-18.8538,0.2657,28.91,0.0526,0.944,TRENDING,flat,54998.6,54911.75,54977.21775811496,114.73046441715996,74.74,0.1361,TRENDING
2026-10-06T10:08:00.339690,54897.25,HOLD,BULL,False,rsi_z_bull,False,54982.01794322807,54952.61623225131,29.401710976759205,29.22,-1.713,-3.21,-7.43,-19.3719,-0.5277,29.36,0.0535,0.966,TRENDING,flat,54955.65,54908.45,54976.075962970026,114.73046441715996,74.74,0.1361,TRENDING
2026-10-06T10:09:00.113744,54925.55,HOLD,BULL,False,rsi_z_bull,False,54977.086616533845,54952.191468969686,24.895147564158833,38.86,-0.907,9.32,13.441,-16.6472,2.7128,30.35,0.0553,1.007,TRENDING,flat,54938.55,54888.6,54975.19950612779,114.73046441715996,74.74,0.1361,TRENDING
2026-10-06T10:10:00.092580,54899.75,HOLD,BULL,False,rsi_z_bull,False,54969.711820592755,54950.72596991239,18.98585068036482,34.18,-1.145,0.93,-14.332,-15.9843,0.6472,30.68,0.0559,1.021,TRENDING,flat,54939.65,54888.6,54973.884060959404,114.73046441715996,74.74,0.1361,TRENDING
2026-10-06T10:11:00.088480,54928.4,HOLD,BULL,False,rsi_z_bull,False,54965.67551863781,54950.74451154965,14.931007088154729,40.77,-0.512,11.97,11.75,-12.8882,3.0714,32.98,0.06,1.096,TRENDING,flat,54939.65,54888.6,54972.44396362373,108.04318973045156,72.96,0.1329,TRENDING
2026-10-06T10:12:00.094934,54914.8,HOLD,BULL,False,rsi_z_bull,False,54961.00986069237,54948.08711061506,12.92275007731223,39.47,-0.614,0.53,-8.732,-10.8916,2.0315,32.17,0.0586,1.066,TRENDING,flat,54939.65,54873.15,54971.49629470074,108.04318973045156,72.96,0.1329,TRENDING
2026-10-06T10:13:00.085411,54923.15,HOLD,BULL,False,rsi_z_bull,False,54957.41045772692,54947.8792616486,9.531196078314679,41.09,-0.43,6.9,3.316,-8.5044,2.367,31.28,0.057,1.038,TRENDING,flat,54935.75,54873.15,54970.518585790436,108.04318973045156,72.96,0.1329,TRENDING
2026-10-06T10:14:00.086301,54941.35,HOLD,BULL,False,rsi_z_bull,False,54956.16882388031,54948.59250225058,7.5763216297273175,45.96,0.057,5.06,3.532,-5.0655,3.4164,31.05,0.0565,1.033,TRENDING,flat,54935.75,54873.15,54969.829471679426,108.04318973045156,72.96,0.1329,TRENDING
2026-10-06T10:15:00.096144,54968.7,HOLD,BULL,False,macd_bull,False,54957.359803320745,54949.079519967934,8.280283352811239,51.4,0.504,11.97,0.123,-0.9577,4.1157,31.56,0.0574,1.047,TRENDING,flat,54947.7,54912.35,54969.63816697802,108.04318973045156,72.96,0.1329,TRENDING
2026-10-06T10:16:00.085174,55000.7,HOLD,BULL,False,volume_bull,False,54961.525556288005,54951.702266055465,9.823290232539875,57.22,1.126,16.38,0.69,3.904,4.8463,31.92,0.058,1.054,TRENDING,flat,54975.3,54912.35,54970.0397330677,98.00824661298975,75.35,0.1371,TRENDING
2026-10-06T10:17:00.101172,54980.55,HOLD,BULL,False,volume_bull,False,54963.308136857864,54952.73622092923,10.571915928630915,53.05,0.798,6.6,-10.345,5.552,1.6503,31.89,0.058,1.05,TRENDING,flat,55003.7,54919.2,54970.28687543978,98.00824661298975,75.35,0.1371,TRENDING
2026-10-06T10:18:00.087486,55004.6,HOLD,BULL,False,volume_bull,False,54967.149029298795,54956.32822846087,10.820800837922434,56.81,1.339,5.56,8.533,7.95,2.3559,31.91,0.058,1.042,TRENDING,flat,55003.7,54937.1,54970.75520255696,98.00824661298975,75.35,0.1371,TRENDING
2026-10-06T10:19:00.085400,55001.7,HOLD,BULL,False,rsi_slope_bull,False,54970.44435984177,54958.10947440359,12.334885438183846,56.42,1.406,-0.8,-4.455,9.0132,1.0632,30.38,0.0552,1.001,TRENDING,flat,55010.7,54967.8,54971.23277942184,98.00824661298975,75.35,0.1371,TRENDING
2026-10-06T10:20:00.086018,54983.75,HOLD,BULL,False,rsi_slope_bull,False,54971.711563666366,54959.11498521129,12.596578455078998,52.4,0.972,-0.35,-3.624,8.1528,-0.8604,30.68,0.0558,1.008,TRENDING,flat,55010.7,54970.95,54971.693687831954,98.00824661298975,75.35,0.1371,TRENDING
2026-10-06T10:21:00.089601,54992.55,HOLD,BULL,False,rsi_slope_bull,False,54973.60093855529,54960.38694657555,13.213991979740968,53.93,1.087,-2.88,5.548,7.7597,-0.393,29.95,0.0545,0.983,TRENDING,flat,55018.3,54979.3,54971.96848466984,105.05436165592255,73.27,0.1333,TRENDING
2026-10-06T10:22:00.089035,54988.6,HOLD,BULL,False,rsi_slope_bull,False,54974.95799202622,54961.46392906278,13.49406296343659,53.06,0.932,-3.36,-2.402,6.9287,-0.8311,29.06,0.0528,0.954,TRENDING,flat,55018.3,54981.1,54972.21402079857,105.05436165592255,73.27,0.1333,TRENDING
2026-10-06T10:23:00.100137,54978.9,HOLD,BULL,False,rsi_slope_bull,False,54975.40484992848,54962.17710831522,13.227741613263788,51.09,0.696,-1.31,-1.099,5.5636,-1.365,28.06,0.051,0.922,TRENDING,flat,55018.3,54979.55,54972.310056708164,105.05436165592255,73.27,0.1333,TRENDING
2026-10-06T10:24:00.108348,54974.7,HOLD,BULL,False,rsi_slope_bull,False,54975.33772136387,54962.66820210678,12.669519257084175,49.89,0.512,-4.05,0.766,4.1302,-1.4334,27.54,0.0501,0.908,TRENDING,flat,55001.55,54973.65,54972.228789596884,105.05436165592255,73.27,0.1333,TRENDING
2026-10-06T10:25:00.092789,54996.0,HOLD,BULL,False,macd_bull,False,54977.4627002816,54964.040037318286,13.422662963312177,55.17,0.952,2.1,6.482,4.5001,0.3699,27.4,0.0498,0.907,TRENDING,flat,54997.1,54958.75,54972.48759359049,105.05436165592255,73.27,0.1333,TRENDING
2026-10-06T10:26:00.082707,54999.55,HOLD,BULL,False,volume_bull,False,54979.65196692145,54965.46787899208,14.184087929366797,55.78,0.939,4.69,-4.666,4.6848,0.1847,26.68,0.0485,0.886,TRENDING,flat,55000.25,54958.75,54972.73104484844,101.55447107464715,70.69,0.1285,TRENDING
2026-10-06T10:27:00.353310,55002.4,HOLD,BULL,False,macd_bull,False,54981.81844626227,54966.91619746298,14.90224879928428,56.23,0.908,6.34,-0.164,4.6787,-0.006,25.93,0.0471,0.865,TRENDING,flat,55000.45,54958.75,54973.06951802309,101.55447107464715,70.69,0.1285,TRENDING
2026-10-06T10:28:00.350755,54989.35,HOLD,BULL,False,rsi_z_bull,False,54982.47859423729,54967.77242501345,14.706169223842153,52.24,0.358,-2.93,-4.438,3.5473,-1.1315,25.21,0.0458,0.847,TRENDING,flat,55009.7,54974.7,54973.298587227866,101.55447107464715,70.69,0.1285,TRENDING
2026-10-06T10:29:00.333958,55001.2,HOLD,BULL,False,rsi_slope_bull,False,54984.33301383373,54969.112722071746,15.220291761987028,55.52,0.738,-0.25,7.277,3.4751,-0.0722,25.12,0.0457,0.851,TRENDING,flat,55009.7,54983.15,54973.58080229241,101.55447107464715,70.69,0.1285,TRENDING
2026-10-06T10:30:00.355809,55016.1,HOLD,BULL,False,macd_bull,False,54987.291774421,54970.92790944148,16.36386497951753,58.65,1.198,2.42,-0.164,4.0787,0.6036,24.92,0.0453,0.853,TRENDING,flat,55009.7,54983.4,54973.96472738062,101.55447107464715,70.69,0.1285,TRENDING
2026-10-06T10:31:00.336897,55018.65,HOLD,BULL,False,volume_bull,False,54990.12112923805,54972.734658090834,17.386471147212433,59.01,1.183,6.78,-2.754,4.3088,0.23,24.02,0.0437,0.834,TRENDING,flat,55020.5,54983.4,54974.43790511528,99.89643174076627,68.37,0.1243,TRENDING
2026-10-06T10:32:00.334410,55026.6,HOLD,BULL,False,volume_bull,False,54993.72387883442,54974.899965616685,18.823913217733207,61.55,1.655,6.02,2.158,4.8794,0.5707,23.84,0.0433,0.84,TRENDING,flat,55020.5,54983.4,54975.06807655207,99.89643174076627,68.37,0.1243,TRENDING
2026-10-06T10:33:00.086075,55018.5,HOLD,BULL,False,rsi_slope_bull,False,54996.13605698914,54976.65171191991,19.484345069227857,60.11,0.812,-0.46,-5.408,4.3563,-0.5237,24.01,0.0436,0.857,TRENDING,flat,55036.35,54998.2,54975.802623564625,99.89643174076627,68.37,0.1243,TRENDING
2026-10-06T10:34:00.090586,55027.7,HOLD,BULL,False,macd_bull,False,54999.24262275189,54986.296720583814,12.945902168074099,60.6,1.586,1.58,5.36,4.4956,-0.0613,23.58,0.0429,0.855,TRENDING,flat,55041.45,55008.2,54976.495782002465,99.89643174076627,68.37,0.1243,TRENDING
2026-10-06T10:35:00.091832,55042.95,HOLD,BULL,False,macd_bull,False,55003.49545966527,54989.1058041312,14.38965553406888,63.89,2.221,2.69,1.368,5.1681,0.658,25.13,0.0457,0.896,TRENDING,flat,55041.45,55013.25,54977.527935010505,99.89643174076627,68.37,0.1243,TRENDING
2026-10-06T10:36:00.101583,55041.2,HOLD,BULL,False,macd_bull,False,55007.08268607365,54990.69848360447,16.38420246917667,63.65,1.69,4.57,-4.49,5.0462,-0.1101,24.25,0.0441,0.888,TRENDING,flat,55066.4,55013.25,54978.3862992461,101.52692010147439,67.96,0.1235,TRENDING
2026-10-06T10:37:00.088222,55034.1,HOLD,BULL,False,rsi_slope_bull,False,55009.679106373675,54995.25467791073,14.424428462945798,60.26,0.909,-0.27,-1.775,4.2339,-0.8874,24.14,0.0439,0.898,TRENDING,flat,55066.4,55013.25,54979.146384458516,101.52692010147439,67.96,0.1235,TRENDING
2026-10-06T10:38:00.097344,55046.4,HOLD,BULL,False,rsi_slope_bull,False,55013.17938339544,54997.633191842724,15.546191552719392,62.61,1.504,-0.68,5.838,4.1471,-0.0966,23.95,0.0435,0.91,TRENDING,flat,55066.4,55019.0,54980.03538820882,101.52692010147439,67.96,0.1235,TRENDING
2026-10-06T10:39:00.089225,55034.75,HOLD,BULL,False,rsi_slope_bull,False,55015.282503321636,54997.50889756436,17.773605757276528,57.88,0.559,-3.82,-7.311,3.0162,-1.0887,23.45,0.0426,0.902,TRENDING,flat,55054.1,55019.0,54980.890987812665,101.52692010147439,67.96,0.1235,TRENDING
2026-10-06T10:40:00.101203,55051.25,HOLD,BULL,False,macd_bull,False,55018.62737692479,54996.72442762621,21.902949298579188,63.02,1.178,2.44,8.166,2.959,0.0183,23.31,0.0423,0.906,TRENDING,flat,55054.1,55019.0,54981.80117315539,101.52692010147439,67.96,0.1235,TRENDING
2026-10-06T10:41:00.086508,55030.75,HOLD,BULL,False,rsi_z_bull,False,55019.508291141625,54998.839463379336,20.668827762288856,54.59,-0.718,-8.79,-12.076,1.2502,-1.7324,24.22,0.044,0.961,TRENDING,flat,55054.9,55031.65,54982.478180322236,112.60234482602391,67.2,0.1221,TRENDING
2026-10-06T10:42:00.093260,55033.3,HOLD,BULL,False,rsi_z_bull,False,55020.76074886028,55000.271303286485,20.48944557379582,55.7,-0.4,-3.01,9.505,0.2799,-0.9731,23.77,0.0432,0.955,TRENDING,flat,55054.9,55015.75,54983.04682304201,112.60234482602391,67.2,0.1221,TRENDING
2026-10-06T10:43:00.088543,55043.3,HOLD,BULL,False,rsi_z_bull,False,55022.90266232106,55001.386238554034,21.516423767025117,58.68,0.154,-4.06,1.52,0.1894,-0.0754,23.2,0.0421,0.942,TRENDING,flat,55054.9,55015.75,54983.74343582365,112.60234482602391,67.2,0.1221,TRENDING
2026-10-06T10:44:00.091004,55038.6,HOLD,BULL,False,rsi_z_bull,False,55024.15324019812,55002.55613837388,21.597101824234414,55.84,-0.635,1.55,-5.473,-0.4676,-0.652,22.94,0.0417,0.941,TRENDING,flat,55053.3,55015.75,54984.31061169765,112.60234482602391,67.2,0.1221,TRENDING
2026-10-06T10:45:00.091811,55044.85,HOLD,BULL,False,rsi_z_bull,False,55025.90860496291,55003.366518695264,22.54208626764739,57.97,-0.225,2.05,4.512,-0.5806,-0.093,23.05,0.0419,0.952,TRENDING,flat,55049.95,55016.25,54984.9202484706,112.60234482602391,67.2,0.1221,TRENDING
2026-10-06T10:46:00.087960,55015.4,HOLD,BULL,False,rsi_z_bull,False,55024.898095017954,55003.81412594847,21.083969069484738,48.92,-2.488,-10.02,-11.062,-2.4851,-1.904,24.44,0.0444,1.02,TRENDING,flat,55055.25,55029.0,54985.34564518704,110.15981923069921,63.0,0.1145,TRENDING
2026-10-06T10:47:00.088236,55006.6,HOLD,BULL,False,rsi_z_bull,False,55023.216994122224,55004.48881131786,18.728182804363314,46.65,-2.451,-9.73,6.859,-4.177,-1.7062,24.25,0.0441,1.012,TRENDING,flat,55055.25,55005.1,54985.62476935297,110.15981923069921,63.0,0.1145,TRENDING
2026-10-06T10:48:00.085725,54999.25,HOLD,BULL,False,rsi_z_bull,False,55020.98411161767,55005.13628343422,15.847828183446836,44.32,-2.4,-13.71,0.222,-5.601,-1.4459,24.7,0.0449,1.032,TRENDING,flat,55055.25,55001.8,54985.73309448807,110.15981923069921,63.0,0.1145,TRENDING
2026-10-06T10:49:00.094424,54984.55,HOLD,BULL,False,rsi_z_bull,False,55017.86369802438,55004.702323642196,13.161374382187205,41.53,-2.359,-7.62,-0.994,-7.0437,-1.4488,24.39,0.0444,1.023,TRENDING,flat,55048.4,54980.5,54985.77682527289,110.15981923069921,63.0,0.1145,TRENDING
2026-10-06T10:50:00.110447,54994.05,HOLD,BULL,False,rsi_z_bull,False,55015.50539046297,55005.42500852715,10.080381935818878,42.86,-1.793,-3.43,4.926,-7.333,-0.3204,23.57,0.0429,0.985,TRENDING,flat,55023.2,54979.95,54985.82426451636,110.15981923069921,63.0,0.1145,TRENDING
2026-10-06T10:51:00.087121,54980.35,HOLD,BULL,False,rsi_z_bull,False,55012.199248781966,55004.35338540796,7.8458633740083314,39.92,-1.9,-4.68,-5.127,-7.9985,-0.6627,23.12,0.0421,0.973,TRENDING,flat,55011.0,54979.95,54985.865981723415,106.17224281397648,63.37,0.1152,TRENDING
2026-10-06T10:52:00.097217,54958.45,HOLD,BULL,False,rsi_z_bull,False,55007.035622698306,55003.4769636495,3.5586590488092043,34.59,-2.113,-6.95,-2.051,-9.4828,-1.5092,23.4,0.0426,0.981,TRENDING,flat,55000.8,54978.8,54985.71371800062,106.17224281397648,63.37,0.1152,TRENDING
2026-10-06T10:53:00.087338,54974.55,HOLD,BULL,False,ema_gap_bull,False,55004.01746773948,55003.476245534606,0.5412222048762487,40.98,-1.263,-2.22,11.888,-8.825,0.6288,24.06,0.0438,1.006,SIDEWAYS,flat,54996.85,54955.95,54985.52767109549,106.17224281397648,63.37,0.1152,TRENDING
2026-10-06T10:54:00.342901,54976.95,HOLD,BULL,False,ema_gap_bull,False,55001.44629493679,55003.25293408507,-1.8066391482789186,41.2,-1.071,1.85,-5.949,-7.8464,0.9571,23.57,0.0429,0.993,SIDEWAYS,flat,54996.85,54950.3,54985.47361608034,106.17224281397648,63.37,0.1152,TRENDING
2026-10-06T10:55:00.339666,54983.2,HOLD,BULL,False,ema_gap_bull,False,54999.63379168733,55002.029684632,-2.395892944667139,43.17,-0.765,9.23,1.436,-6.4822,1.3749,22.92,0.0417,0.97,SIDEWAYS,flat,54989.45,54950.3,54985.39997290917,106.17224281397648,63.37,0.1152,TRENDING
2026-10-06T10:56:00.347680,54990.55,HOLD,BULL,False,ema_gap_bull,False,54998.83414907988,55000.881617797866,-2.0474687179885223,47.16,-0.4,5.79,1.163,-4.7071,1.7942,22.83,0.0415,0.966,SIDEWAYS,flat,54989.45,54950.3,54985.44723185088,107.66477057492739,62.01,0.1128,TRENDING
2026-10-06T10:57:00.337482,54980.3,HOLD,BULL,False,ema_gap_bull,False,54997.072447535706,55001.657584376066,-4.5851368403600645,43.38,-0.663,1.93,-6.577,-3.9689,0.6965,22.47,0.0409,0.951,TRENDING,flat,55000.95,54969.2,54985.46695702669,107.66477057492739,62.01,0.1128,TRENDING
2026-10-06T10:58:00.349275,54980.7,HOLD,BULL,False,ema_gap_bull,False,54995.57344204008,55001.24224896329,-5.668806923211378,43.83,-0.541,0.31,3.778,-3.198,0.7609,21.93,0.0399,0.936,TRENDING,flat,55000.95,54969.2,54985.408381308735,107.66477057492739,62.01,0.1128,TRENDING
2026-10-06T10:59:00.086636,54983.65,HOLD,BULL,False,ema_gap_bull,False,54994.374858336734,55000.971061554155,-6.5962032174211345,44.64,-0.394,-2.25,0.249,-2.3828,0.8034,21.88,0.0398,0.938,TRENDING,flat,55000.95,54969.4,54985.42172664253,107.66477057492739,62.01,0.1128,TRENDING
2026-10-06T11:00:00.188064,55009.05,HOLD,BULL,False,ema_gap_bull,False,54995.76455319921,55002.05818897851,-6.29363577930053,54.05,0.973,10.5,8.722,-0.0192,2.3432,22.68,0.0412,0.971,TRENDING,flat,54997.85,54969.4,54985.56269550512,107.66477057492739,62.01,0.1128,TRENDING
2026-10-06T11:01:00.094565,54987.0,HOLD,BULL,False,ranging,False,54994.86961518674,55002.22863288852,-7.359017701775883,46.29,0.03,2.8,-16.912,0.0882,0.0867,23.99,0.0436,1.029,TRENDING,flat,55013.5,54969.4,54985.755768605006,102.4044728364388,61.22,0.1113,TRENDING
2026-10-06T11:02:00.083893,54990.7,HOLD,BULL,False,ema_gap_bull,False,54994.413200124334,55001.48815895057,-7.074958826233342,47.67,0.285,3.4,8.731,0.4351,0.3539,23.56,0.0428,1.008,TRENDING,flat,55026.1,54976.6,54985.78822785385,102.4044728364388,61.22,0.1113,TRENDING
2026-10-06T11:03:00.084050,55002.2,HOLD,BULL,False,ema_gap_bull,False,54995.22596209968,55001.51289020123,-6.286928101551894,51.64,1.18,-1.75,2.96,1.5134,1.0791,23.82,0.0433,1.021,TRENDING,flat,55026.1,54979.45,54985.84034987934,102.4044728364388,61.22,0.1113,TRENDING
2026-10-06T11:04:00.096688,55018.85,HOLD,BULL,False,ema_gap_bull,False,54997.14414672745,55001.0917542502,-3.9476075227503316,55.76,1.746,9.35,-0.485,2.9411,1.4532,23.66,0.043,1.009,TRENDING,flat,55026.1,54976.4,54986.10988612835,102.4044728364388,61.22,0.1113,TRENDING
2026-10-06T11:05:00.111006,55020.85,HOLD,BULL,False,ema_gap_bull,False,54999.259206495975,55001.834248015024,-2.575041519048682,56.86,1.987,9.19,-2.642,3.9964,1.0546,22.75,0.0413,0.974,SIDEWAYS,flat,55020.6,54976.4,54986.43585741637,102.4044728364388,61.22,0.1113,TRENDING
2026-10-06T11:06:00.089576,55056.5,HOLD,BULL,False,ema_gap_bull,False,55004.77652756859,55003.90155470551,0.8749728630791651,66.31,2.712,13.81,7.871,6.9009,2.9072,24.4,0.0443,1.045,SIDEWAYS,flat,55022.65,54976.4,54987.009124955905,102.75935190814926,60.22,0.1095,TRENDING
2026-10-06T11:07:00.084490,55059.15,HOLD,BULL,False,ema_gap_bull,False,55010.03316661135,55007.5074191071,2.5257475042453734,66.29,2.222,10.87,-8.649,8.589,1.651,24.22,0.044,1.029,SIDEWAYS,flat,55061.2,54999.5,54987.76952378869,102.75935190814926,60.22,0.1095,TRENDING
2026-10-06T11:08:00.086587,55045.0,HOLD,BULL,False,macd_bull,False,55013.45757633542,55008.31400762621,5.143568709208921,61.04,1.422,4.33,-5.92,8.2814,-0.2891,23.96,0.0435,1.027,TRENDING,flat,55070.5,55011.2,54988.27978589955,102.75935190814926,60.22,0.1095,TRENDING
2026-10-06T11:09:00.084195,55055.5,HOLD,BULL,False,rsi_slope_bull,False,55017.096529573064,55009.626306140686,7.470223432377679,62.4,1.395,-3.51,6.731,8.0035,-0.2677,24.45,0.0444,1.048,TRENDING,flat,55070.5,55015.45,54988.73720990085,102.75935190814926,60.22,0.1095,TRENDING
2026-10-06T11:10:00.088742,55053.35,HOLD,BULL,False,rsi_slope_bull,False,55020.40356810331,55010.93784361405,9.465724489265995,62.44,1.253,-4.01,-1.307,7.3851,-0.6094,23.89,0.0434,1.023,TRENDING,flat,55070.5,55031.3,54989.29870229325,102.75935190814926,60.22,0.1095,TRENDING
2026-10-06T11:11:00.087067,55046.05,HOLD,BULL,False,rsi_slope_bull,False,55022.924388626794,55012.0242030041,10.900185622696881,60.51,0.934,-0.75,-2.159,6.2429,-1.1337,23.8,0.0432,1.02,TRENDING,flat,55064.05,55031.3,54989.80336061764,105.79955221652926,59.75,0.1085,TRENDING
2026-10-06T11:12:00.086152,55045.35,HOLD,BULL,False,rsi_slope_bull,False,55025.05699873927,55013.52471131549,11.532287423775415,59.73,0.793,-2.79,1.417,5.0439,-1.2041,22.98,0.0417,0.982,TRENDING,flat,55063.4,55031.3,54990.239628683885,105.79955221652926,59.75,0.1085,TRENDING
2026-10-06T11:13:00.095481,55042.7,HOLD,BULL,False,rsi_slope_bull,False,55026.59402755438,55014.561122980136,12.032904574247368,57.92,0.504,-4.69,-1.159,3.6867,-1.3559,22.58,0.041,0.97,TRENDING,flat,55063.4,55037.45,54990.65551146754,105.79955221652926,59.75,0.1085,TRENDING
2026-10-06T11:14:00.084281,55052.4,HOLD,BULL,False,rsi_slope_bull,False,55028.66695797502,55016.00026245351,12.666695521511429,60.54,0.688,-0.27,4.153,3.0191,-0.6706,23.27,0.0423,1.0,TRENDING,flat,55060.45,55034.45,54991.00780476744,105.79955221652926,59.75,0.1085,TRENDING
2026-10-06T11:15:00.097926,55042.95,HOLD,BULL,False,rsi_z_bull,False,55030.03611161794,55018.140926895954,11.89518472198688,57.62,0.311,-2.13,-4.928,2.0319,-1.0157,22.82,0.0415,0.977,TRENDING,flat,55053.15,55020.8,54991.40458304339,105.79955221652926,59.75,0.1085,TRENDING
2026-10-06T11:16:00.100740,55044.1,HOLD,BULL,False,rsi_z_bull,False,55031.37599608152,55019.21597249909,12.160023582429858,57.8,0.315,0.18,2.992,1.2693,-0.7641,21.92,0.0398,0.946,TRENDING,flat,55053.6,55020.8,54991.80274312191,105.40084625408781,58.07,0.1055,TRENDING
2026-10-06T11:17:00.089166,55039.3,HOLD,BULL,False,rsi_z_bull,False,55032.25571897017,55019.62666483435,12.629054135817569,56.28,-0.036,-3.96,-2.194,0.3962,-0.8619,21.1,0.0383,0.911,TRENDING,flat,55053.6,55020.8,54992.14914673021,105.40084625408781,58.07,0.1055,TRENDING
2026-10-06T11:18:00.342488,55032.35,HOLD,BULL,False,rsi_z_bull,False,55032.079650290776,55020.13063818963,11.949012101147673,50.67,-0.825,-6.24,-3.178,-0.9152,-1.3135,20.67,0.0376,0.895,TRENDING,flat,55053.6,55034.8,54992.47191756136,105.40084625408781,58.07,0.1055,TRENDING
2026-10-06T11:19:00.338254,55037.95,HOLD,BULL,False,rsi_z_bull,False,55032.5618677013,55019.55519447539,13.006673225907434,54.05,-0.566,-3.82,7.952,-1.3799,-0.4319,20.6,0.0374,0.89,TRENDING,flat,55050.6,55027.9,54992.767104112056,105.40084625408781,58.07,0.1055,TRENDING
2026-10-06T11:20:00.343586,55036.0,HOLD,BULL,False,rsi_z_bull,False,55032.834162108644,55019.84033824562,12.993823863020225,52.99,-0.709,-2.92,-3.852,-1.7953,-0.4065,20.22,0.0367,0.882,TRENDING,flat,55044.95,55023.65,54993.08632038229,105.40084625408781,58.07,0.1055,TRENDING
2026-10-06T11:21:00.338878,55036.3,HOLD,BULL,False,rsi_z_bull,False,55033.07326258322,55019.80675303559,13.266509547625901,53.34,-0.913,2.0,0.887,-2.065,-0.2527,20.13,0.0366,0.883,TRENDING,flat,55044.45,55023.65,54993.43152271937,98.34615596599178,56.07,0.1019,TRENDING
2026-10-06T11:22:00.089424,55031.0,HOLD,BULL,False,rsi_z_bull,False,55032.87645880297,55020.32515627965,12.551302523323102,50.02,-1.45,-3.25,-2.319,-2.4799,-0.417,19.83,0.036,0.883,TRENDING,flat,55051.0,55023.65,54993.66114679445,98.34615596599178,56.07,0.1019,TRENDING
2026-10-06T11:23:00.084627,55013.35,HOLD,BULL,False,rsi_z_bull,False,55031.04600742147,55018.40076776139,12.645239660079824,42.35,-2.625,-10.45,-5.663,-3.8297,-1.3059,19.96,0.0363,0.889,TRENDING,flat,55051.0,55019.45,54993.915499344104,98.34615596599178,56.07,0.1019,TRENDING
2026-10-06T11:24:00.083892,55011.9,HOLD,BULL,False,rsi_z_bull,False,55029.15264253086,55017.138395535694,12.014246995167923,41.38,-2.278,-11.53,7.022,-4.7069,-0.8513,19.5,0.0354,0.881,TRENDING,flat,55051.0,55012.45,54994.08738907604,98.34615596599178,56.07,0.1019,TRENDING
2026-10-06T11:25:00.090207,55008.5,HOLD,BULL,False,rsi_z_bull,False,55027.24594285475,55016.038673801595,11.207269053156779,41.09,-2.005,-10.2,0.187,-5.2064,-0.4788,18.93,0.0344,0.862,TRENDING,flat,55036.3,55006.9,54994.2242528825,98.34615596599178,56.07,0.1019,TRENDING
2026-10-06T11:26:00.086967,54996.25,HOLD,BULL,False,rsi_z_bull,False,55024.29748053844,55015.694542381396,8.602938157040626,35.3,-2.248,-6.97,-4.185,-6.101,-0.9059,19.41,0.0353,0.895,TRENDING,flat,55033.0,55004.95,54994.24136828665,86.11900279716065,55.97,0.1017,TRENDING
2026-10-06T11:27:00.093151,55001.4,HOLD,BULL,False,rsi_z_bull,False,55022.10827073329,55014.0949793951,8.013291338189447,39.75,-1.654,-2.89,8.434,-6.0828,0.0455,18.83,0.0342,0.876,TRENDING,flat,55021.1,54983.35,54994.26611964814,86.11900279716065,55.97,0.1017,TRENDING
2026-10-06T11:28:00.095558,54988.45,HOLD,BULL,False,rsi_z_bull,False,55018.97051070521,55014.414620072326,4.555890632880619,33.96,-1.873,-6.17,-7.75,-6.5159,-0.4674,18.83,0.0342,0.885,TRENDING,flat,55016.4,54983.35,54994.28906694785,86.11900279716065,55.97,0.1017,TRENDING
2026-10-06T11:29:00.094988,54988.45,HOLD,BULL,False,rsi_z_bull,False,55016.02978902864,55012.13980451953,3.8899845091073075,34.83,-1.669,-1.68,4.314,-6.5602,-0.0115,18.48,0.0336,0.884,TRENDING,flat,55008.5,54983.35,54994.28599120589,86.11900279716065,55.97,0.1017,TRENDING
2026-10-06T11:30:00.120845,54978.9,HOLD,BULL,False,ema_gap_bull,False,55012.50283246304,55011.962876815545,0.539955647494935,30.76,-1.748,-7.94,-2.822,-6.7838,-0.2533,18.99,0.0345,0.912,SIDEWAYS,flat,55006.5,54985.7,54994.16188106267,86.11900279716065,55.97,0.1017,TRENDING
2026-10-06T11:31:00.103734,54976.25,HOLD,BULL,False,ema_gap_bull,False,55008.98955663839,55010.11305914896,-1.1235025105634122,30.05,-1.628,-4.49,2.113,-6.7827,0.0123,18.09,0.0329,0.892,SIDEWAYS,flat,55006.5,54971.0,54994.02452188047,63.43136518527899,56.16,0.1021,TRENDING
2026-10-06T11:32:00.092617,54976.3,HOLD,BULL,False,ema_gap_bull,False,55005.806952971034,55009.016374618615,-3.209421647581621,30.47,-1.462,-4.26,1.017,-6.3823,0.3936,17.35,0.0316,0.867,TRENDING,flat,54999.95,54971.0,54993.90047368837,63.43136518527899,56.16,0.1021,TRENDING
2026-10-06T11:33:00.088960,54985.5,HOLD,BULL,False,ema_gap_bull,False,55003.96095765199,55008.98924994879,-5.028292296803556,38.45,-0.67,6.79,7.909,-5.0389,1.3207,17.18,0.0312,0.868,TRENDING,flat,54995.6,54971.0,54993.789858675336,63.43136518527899,56.16,0.1021,TRENDING
2026-10-06T11:34:00.089937,54982.45,HOLD,BULL,False,ema_gap_bull,False,55001.91566393328,55008.94070766859,-7.025043735309737,37.03,-0.752,6.13,-9.464,-4.1107,0.902,16.89,0.0307,0.865,TRENDING,flat,54987.45,54972.7,54993.69194646308,63.43136518527899,56.16,0.1021,TRENDING
2026-10-06T11:35:00.126148,55003.95,HOLD,BULL,False,ema_gap_bull,False,55001.83923784492,55009.94740202445,-8.108164179531741,47.19,0.582,17.92,13.077,-2.0366,2.0395,17.4,0.0316,0.904,TRENDING,flat,54987.45,54972.7,54993.663600855245,63.43136518527899,56.16,0.1021,TRENDING
2026-10-06T11:36:00.098597,54967.35,HOLD,BULL,False,ema_gap_bull,False,54998.585712574,55007.44510986293,-8.859397288928449,35.81,-0.76,-2.68,-23.56,-2.7143,-0.6554,18.73,0.0341,0.983,TRENDING,flat,55002.85,54972.7,54993.6212749674,65.28037863692589,53.41,0.0971,TRENDING
2026-10-06T11:37:00.091606,54976.65,HOLD,BULL,False,ema_gap_bull,False,54996.36624945738,55007.1279126213,-10.761663163917547,39.07,-0.189,3.08,16.018,-2.3989,0.2904,18.51,0.0337,0.978,TRENDING,flat,55003.95,54967.75,54993.49176720756,65.28037863692589,53.41,0.0971,TRENDING
2026-10-06T11:38:00.087189,54984.65,HOLD,BULL,False,ema_gap_bull,False,54995.20697587982,55006.15747537263,-10.950499492813833,43.16,0.463,-3.99,0.525,-1.427,0.9738,18.6,0.0338,0.994,TRENDING,flat,55003.95,54965.45,54993.36806781916,65.28037863692589,53.41,0.0971,TRENDING
2026-10-06T11:39:00.097047,54987.45,HOLD,BULL,False,ema_gap_bull,False,54994.24793241235,55004.602206983785,-10.35427457143669,44.05,0.522,8.52,-3.813,-0.6011,0.8451,18.64,0.0339,0.994,TRENDING,flat,55003.95,54963.8,54993.36183460277,65.28037863692589,53.41,0.0971,TRENDING
2026-10-06T11:40:00.109912,54985.15,HOLD,BULL,False,ema_gap_bull,False,54993.19358566474,55004.078753495596,-10.885167830856517,43.03,0.589,3.99,-1.272,-0.0674,0.5253,18.32,0.0333,0.987,TRENDING,flat,55000.25,54963.8,54993.30838904579,65.28037863692589,53.41,0.0971,TRENDING
2026-10-06T11:41:00.089799,54988.1,HOLD,BULL,False,ema_gap_bull,False,54992.70724931594,55003.30137990839,-10.594130592449801,45.53,1.165,2.25,3.365,0.6736,0.7449,17.63,0.0321,0.956,TRENDING,flat,55000.25,54963.8,54993.26041758057,52.14260234185349,52.42,0.0953,TRENDING
2026-10-06T11:42:00.092225,54979.45,HOLD,BULL,False,ema_gap_bull,False,54991.441921654456,55002.03192422126,-10.590002566801559,42.02,0.689,-1.79,-6.14,0.6393,-0.0255,17.8,0.0324,0.972,TRENDING,flat,55000.25,54978.0,54993.23631684861,52.14260234185349,52.42,0.0953,TRENDING
2026-10-06T11:43:00.343578,54988.6,HOLD,BULL,False,ema_gap_bull,False,54991.15532724493,55001.297612924354,-10.142285679423367,47.21,1.387,3.53,8.19,1.2518,0.6179,17.96,0.0327,0.983,TRENDING,flat,54998.2,54978.0,54993.150591588084,52.14260234185349,52.42,0.0953,TRENDING
2026-10-06T11:44:00.333689,54986.15,HOLD,BULL,False,ema_gap_bull,False,54990.81961038104,55001.69358427604,-10.873973895002564,46.4,1.272,0.69,-5.076,1.6284,0.352,17.74,0.0323,0.974,TRENDING,flat,54998.2,54970.5,54993.090568163265,52.14260234185349,52.42,0.0953,TRENDING
2026-10-06T11:45:00.342272,54991.35,HOLD,BULL,False,ema_gap_bull,False,54990.952009103916,55001.43537232606,-10.483363222141634,48.83,1.52,6.73,2.859,2.1497,0.5183,18.01,0.0328,0.994,TRENDING,flat,54998.2,54970.5,54993.073852259586,52.14260234185349,52.42,0.0953,TRENDING
2026-10-06T11:46:00.334058,55007.0,HOLD,BULL,False,ema_gap_bull,False,54992.36199136932,55001.68402579402,-9.322034424701997,54.95,2.096,8.5,3.983,3.3104,1.1585,18.64,0.0339,1.031,TRENDING,flat,55001.8,54970.5,54993.13961661901,55.72681549333356,50.02,0.091,TRENDING
2026-10-06T11:47:00.339792,55003.2,HOLD,BULL,False,ema_gap_bull,False,54993.38963407374,55001.18730908399,-7.7976750102461665,54.12,1.681,7.42,-7.738,3.761,0.4652,18.22,0.0331,1.009,TRENDING,flat,55013.85,54975.0,54993.18192455445,55.72681549333356,50.02,0.091,TRENDING
2026-10-06T11:48:00.337792,55020.1,HOLD,BULL,False,ema_gap_bull,False,54995.856924706815,55002.43348141788,-6.576556711064768,60.71,2.129,11.58,7.958,4.9581,1.183,18.47,0.0336,1.021,TRENDING,flat,55013.85,54979.95,54993.311702369,55.72681549333356,50.02,0.091,TRENDING
2026-10-06T11:49:00.093113,55028.0,HOLD,BULL,False,ema_gap_bull,False,54998.89408049193,55003.97234300041,-5.078262508475746,63.51,2.047,8.26,-3.668,6.0466,1.0741,18.32,0.0333,1.014,TRENDING,flat,55022.95,54986.95,54993.51469699442,55.72681549333356,50.02,0.091,TRENDING
2026-10-06T11:50:00.094095,55036.3,HOLD,BULL,False,ema_gap_bull,False,55002.41422504215,55005.287638895104,-2.8734138529543998,66.28,2.016,12.19,-0.323,6.9656,0.9173,18.05,0.0328,1.004,TRENDING,flat,55034.8,54994.2,54993.797689263745,55.72681549333356,50.02,0.091,TRENDING
2026-10-06T11:51:00.089418,54998.0,HOLD,BULL,False,ema_gap_bull,False,55001.99747152908,55005.448004821985,-3.450533292903856,48.35,0.221,-11.89,-20.227,4.7959,-2.1814,19.74,0.0359,1.09,TRENDING,flat,55039.75,55001.6,54993.978650190504,63.12740937939088,52.24,0.0949,TRENDING
2026-10-06T11:52:00.085388,54999.45,HOLD,BULL,False,ema_gap_bull,False,55001.71379420512,55004.8344738485,-3.1206796433834825,49.03,0.128,-14.61,18.061,3.25,-1.5364,19.58,0.0356,1.073,TRENDING,flat,55039.75,54996.25,54993.97915106549,63.12740937939088,52.24,0.0949,TRENDING
2026-10-06T11:53:00.086176,54982.9,HOLD,BULL,False,ema_gap_bull,False,54999.93454382466,55004.34696051745,-4.412416692786792,43.5,-0.611,-22.88,-6.045,1.1083,-2.1514,20.39,0.0371,1.11,TRENDING,flat,55039.75,54986.3,54993.94845819833,63.12740937939088,52.24,0.0949,TRENDING
2026-10-06T11:54:00.090890,55000.55,HOLD,BULL,False,ema_gap_bull,False,54999.87459755208,55004.788810496175,-4.914212944095198,49.53,0.148,1.12,11.97,0.7591,-0.3661,20.81,0.0378,1.113,TRENDING,flat,55037.6,54972.95,54993.902228045576,63.12740937939088,52.24,0.0949,TRENDING
2026-10-06T11:55:00.110893,54994.5,HOLD,BULL,False,ema_gap_bull,False,54999.399943296325,55004.293040255296,-4.893096958971,47.92,-0.04,-0.81,-7.882,0.213,-0.5432,20.36,0.037,1.09,TRENDING,flat,55004.15,54972.95,54993.950372457075,63.12740937939088,52.24,0.0949,TRENDING
2026-10-06T11:56:00.088652,55000.25,HOLD,BULL,False,ema_gap_bull,False,54999.59758276146,55003.89422110222,-4.2966383407620015,50.73,0.135,7.25,4.051,0.2784,0.0729,20.18,0.0367,1.073,TRENDING,flat,55008.8,54972.95,54993.94351738725,61.81805225426069,51.74,0.0941,TRENDING
2026-10-06T11:57:00.103623,55021.6,HOLD,BULL,False,ema_gap_bull,False,55001.70191170747,55005.09168734024,-3.3897756327714887,57.17,1.042,7.8,4.288,1.6096,1.3181,20.87,0.0379,1.103,TRENDING,flat,55008.8,54975.65,54994.08502595127,61.81805225426069,51.74,0.0941,TRENDING
2026-10-06T11:58:00.089978,55019.15,HOLD,BULL,False,ema_gap_bull,False,55003.40282601144,55005.21244784983,-1.8096218383871019,56.7,0.77,8.39,-7.592,2.2084,0.6105,20.09,0.0365,1.059,SIDEWAYS,flat,55028.0,54983.95,54994.22869710923,61.81805225426069,51.74,0.0941,TRENDING
2026-10-06T11:59:00.087978,55019.6,HOLD,BULL,False,ema_gap_bull,False,55004.993352915444,55006.415671017545,-1.4223181021006894,56.24,0.807,6.13,0.993,2.5124,0.2877,20.0,0.0364,1.049,SIDEWAYS,flat,55028.0,54983.95,54994.38874234836,61.81805225426069,51.74,0.0941,TRENDING
2026-10-06T12:00:00.106791,55033.95,HOLD,BULL,False,ema_gap_bull,False,55007.71018118234,55006.55070418852,1.1594769938164973,61.15,1.241,3.7,4.254,3.3912,0.9033,20.08,0.0365,1.044,SIDEWAYS,flat,55034.1,54998.1,54994.567521036515,61.81805225426069,51.74,0.0941,TRENDING
2026-10-06T12:01:00.089058,55019.8,HOLD,BULL,False,ema_gap_bull,False,55008.78701818911,55007.23652420386,1.550493985254434,54.76,0.223,-1.92,-10.849,2.8323,-0.5641,19.88,0.0361,1.034,SIDEWAYS,flat,55036.15,55014.25,54994.737365376575,53.834038449887885,52.08,0.0946,TRENDING
2026-10-06T12:02:00.104955,55047.3,HOLD,BULL,False,macd_bull,False,55012.51085107391,55009.263141773175,3.247709300732822,62.84,1.397,6.35,14.789,4.1553,1.3116,20.71,0.0376,1.069,TRENDING,flat,55036.15,55015.35,54994.955511126056,53.834038449887885,52.08,0.0946,TRENDING
2026-10-06T12:03:00.091778,55028.8,HOLD,BULL,False,rsi_z_bull,False,55014.05978267094,55009.73389319179,4.325889479150646,55.76,0.181,-5.43,-15.59,3.5008,-0.6467,21.28,0.0387,1.088,TRENDING,flat,55050.6,55015.7,54995.191383866106,53.834038449887885,52.08,0.0946,TRENDING
2026-10-06T12:04:00.099141,55020.8,HOLD,BULL,False,rsi_z_bull,False,55014.85152649851,55010.49755823522,4.353968263290881,53.06,-0.104,-1.02,4.951,2.4629,-1.045,21.48,0.039,1.086,TRENDING,flat,55055.1,55015.9,54995.36445696971,53.834038449887885,52.08,0.0946,TRENDING
2026-10-06T12:05:00.118685,55045.1,HOLD,BULL,False,rsi_slope_bull,False,55017.72321964968,55010.74014613741,6.983073512266856,59.55,0.756,-3.29,8.454,3.0541,0.6205,21.84,0.0397,1.088,TRENDING,flat,55055.1,55018.0,54995.564795770544,53.834038449887885,52.08,0.0946,TRENDING
2026-10-06T12:06:00.096156,55033.85,HOLD,BULL,False,rsi_z_bull,False,55019.118309088946,55011.25951919695,7.858789891994093,55.14,0.008,-0.45,-10.619,2.4072,-0.6382,21.89,0.0398,1.089,TRENDING,flat,55055.1,55018.0,54995.84178347487,56.69813074784179,50.92,0.0925,TRENDING
2026-10-06T12:07:00.088438,55005.65,HOLD,BULL,False,rsi_z_bull,False,55018.0473994722,55010.822187258804,7.225212213394116,47.75,-1.128,-5.53,-2.938,0.247,-2.1521,22.4,0.0407,1.1,TRENDING,flat,55055.75,55018.0,54995.967503809945,56.69813074784179,50.92,0.0925,TRENDING
2026-10-06T12:08:00.404057,55031.0,HOLD,BULL,False,rsi_z_bull,False,55019.248576897706,55011.13314399321,8.11543290449481,54.08,-0.139,-5.67,13.525,0.265,0.0304,23.48,0.0427,1.143,TRENDING,flat,55055.75,55005.2,54996.12203484421,56.69813074784179,50.92,0.0925,TRENDING
2026-10-06T12:09:00.345610,55049.15,HOLD,BULL,False,volume_bull,False,55021.8931690796,55012.735262461916,9.157906617685512,57.72,0.636,2.66,-2.323,1.2505,0.9803,23.26,0.0423,1.121,TRENDING,flat,55055.75,55002.55,54996.35709650835,56.69813074784179,50.92,0.0925,TRENDING
2026-10-06T12:10:00.349840,55020.8,HOLD,BULL,False,ranging,False,55021.67546851938,55012.509341937846,9.166126581534627,50.07,-0.558,2.49,-11.342,-0.0256,-1.263,23.93,0.0435,1.135,TRENDING,flat,55050.8,55002.55,54996.58201908414,56.69813074784179,50.92,0.0925,TRENDING
2026-10-06T12:11:00.335195,55033.3,HOLD,BULL,False,rsi_z_bull,False,55023.027316733904,55012.4955272439,10.531789490007213,54.32,-0.039,0.05,11.403,0.1339,0.1841,23.52,0.0427,1.103,TRENDING,flat,55052.15,55002.55,54996.740806783666,60.74188703535037,50.07,0.091,TRENDING
2026-10-06T12:12:00.095030,55006.25,HOLD,BULL,False,rsi_z_bull,False,55021.22097287655,55012.86929179474,8.351681081810966,46.55,-1.437,-11.35,-11.47,-1.8482,-2.0007,24.14,0.0439,1.119,TRENDING,flat,55052.15,55019.35,54996.86284177536,60.74188703535037,50.07,0.091,TRENDING
2026-10-06T12:13:00.101130,54989.25,HOLD,BULL,False,rsi_z_bull,False,55018.1528752846,55012.00250731591,6.1503679686866235,43.5,-2.054,-6.86,4.527,-4.0249,-2.1785,24.49,0.0445,1.129,TRENDING,flat,55052.15,55004.0,54996.87940677054,60.74188703535037,50.07,0.091,TRENDING
2026-10-06T12:14:00.115867,54989.0,HOLD,BULL,False,rsi_z_bull,False,55015.44967230992,55011.35395643424,4.095715875679161,43.74,-1.804,-10.51,3.292,-5.1808,-1.1618,23.97,0.0436,1.097,TRENDING,flat,55037.2,54982.9,54996.84474950928,60.74188703535037,50.07,0.091,TRENDING
2026-10-06T12:15:00.111479,54985.2,HOLD,BULL,False,ema_gap_bull,False,55012.509795463884,55010.66341247081,1.8463829930769862,42.41,-1.804,-4.0,-1.327,-6.0032,-0.8319,23.76,0.0432,1.077,SIDEWAYS,flat,55035.95,54979.95,54996.790963193314,60.74188703535037,50.07,0.091,TRENDING
2026-10-06T12:16:00.094989,55011.45,HOLD,BULL,False,ema_gap_bull,False,55012.26706846803,55010.18512888627,2.081939581759798,49.43,-0.634,5.98,8.039,-4.6256,1.3895,23.99,0.0436,1.079,SIDEWAYS,flat,55012.45,54977.55,54996.7922633523,53.56054747731832,50.31,0.0915,TRENDING
2026-10-06T12:17:00.097697,55008.9,HOLD,BULL,False,ema_gap_bull,False,55011.94676183394,55010.17955096785,1.767210866091773,49.16,-0.613,5.5,-7.181,-3.6,1.0245,23.57,0.0428,1.055,SIDEWAYS,flat,55011.7,54977.55,54996.906954208906,53.56054747731832,50.31,0.0915,TRENDING
2026-10-06T12:18:00.097910,55029.65,HOLD,BULL,False,ema_gap_bull,False,55013.62857244167,55011.00836614359,2.6202062980737537,54.53,0.205,11.65,5.374,-1.4569,2.1414,23.6,0.0429,1.046,SIDEWAYS,flat,55023.8,54977.55,54997.07051430758,53.56054747731832,50.31,0.0915,TRENDING
2026-10-06T12:19:00.091901,55029.0,HOLD,BULL,False,ranging,False,55015.129736678544,55012.78301298046,2.346723698086862,53.94,0.374,4.8,-5.245,-0.0387,1.3903,23.01,0.0418,1.01,SIDEWAYS,flat,55032.2,54984.6,54997.30681038666,53.56054747731832,50.31,0.0915,TRENDING
2026-10-06T12:20:00.124498,55040.45,HOLD,BULL,False,volume_bull,False,55017.50508789462,55012.935395414606,4.569692480014055,56.9,0.802,7.71,2.736,1.4986,1.5615,24.01,0.0436,1.043,TRENDING,flat,55042.1,55005.7,54997.625367451496,53.56054747731832,50.31,0.0915,TRENDING
2026-10-06T12:21:00.116594,55053.8,HOLD,BULL,False,volume_bull,False,55020.963012465545,55014.69275921201,6.270253253533156,60.12,1.239,5.68,0.485,3.2634,1.7608,23.62,0.0429,1.024,TRENDING,flat,55065.7,55008.35,54997.949699680095,54.00388249033131,52.92,0.0961,TRENDING
2026-10-06T12:22:00.083807,55052.45,HOLD,BULL,False,volume_bull,False,55023.880340906886,55016.66171203327,7.218628873619309,59.35,1.217,5.0,-3.89,4.0476,0.7704,22.85,0.0415,0.984,TRENDING,flat,55065.7,55027.25,54998.23975819633,54.00388249033131,52.92,0.0961,TRENDING
2026-10-06T12:23:00.090852,55050.3,HOLD,BULL,False,volume_bull,False,55026.376854770824,55018.48036680493,7.896487965896085,58.73,1.091,1.83,0.228,4.2085,0.1476,22.33,0.0406,0.961,TRENDING,flat,55065.7,55028.9,54998.46758076367,54.00388249033131,52.92,0.0961,TRENDING
2026-10-06T12:24:00.090682,55049.55,HOLD,BULL,False,rsi_slope_bull,False,55028.83750153372,55019.96161012699,8.875891406729352,59.65,1.051,-0.74,1.097,4.1859,-0.0268,21.49,0.039,0.927,TRENDING,flat,55059.5,55036.65,54998.71209685853,54.00388249033131,52.92,0.0961,TRENDING
2026-10-06T12:25:00.098364,55066.8,HOLD,BULL,False,macd_bull,False,55032.494161773946,55023.35236555636,9.14179621758376,63.07,1.659,3.85,3.241,4.8931,0.6666,21.76,0.0395,0.93,TRENDING,flat,55055.55,55036.65,54999.01352160537,54.00388249033131,52.92,0.0961,TRENDING
2026-10-06T12:26:00.099212,55046.1,HOLD,BULL,False,rsi_z_bull,False,55033.65274371293,55024.29554065794,9.35720305499126,54.55,0.327,-3.86,-12.084,3.5693,-1.3266,22.56,0.041,0.97,TRENDING,flat,55070.15,55036.65,54999.28942610304,63.10770810726535,51.88,0.0942,TRENDING
2026-10-06T12:27:00.092058,55037.75,HOLD,BULL,False,rsi_z_bull,False,55033.862169542954,55024.188339094246,9.673830448708031,51.93,-0.217,-7.38,5.444,1.9156,-1.639,22.36,0.0406,0.961,TRENDING,flat,55075.55,55041.65,54999.50745295411,63.10770810726535,51.88,0.0942,TRENDING
2026-10-06T12:28:00.087607,55046.7,HOLD,BULL,False,rsi_slope_bull,False,55035.31051233773,55025.39351437435,9.916997963380709,55.63,0.407,-7.42,6.64,1.5648,-0.3568,21.72,0.0395,0.935,TRENDING,flat,55075.55,55035.9,54999.70468694138,63.10770810726535,51.88,0.0942,TRENDING
2026-10-06T12:29:00.102942,55051.2,HOLD,BULL,False,macd_bull,False,55036.79051352821,55026.39791965005,10.392593878161279,56.07,0.518,1.41,-3.263,1.3029,-0.2621,21.08,0.0383,0.915,TRENDING,flat,55075.55,55035.9,54999.93202238664,63.10770810726535,51.88,0.0942,TRENDING
2026-10-06T12:30:00.115079,55044.5,HOLD,BULL,True,rsi_z_bull,False,55037.456434178355,55026.878667355966,10.577766822389094,53.54,0.051,1.7,-3.082,0.5413,-0.7563,20.64,0.0375,0.901,TRENDING,flat,55057.05,55035.9,55000.15836540941,63.10770810726535,51.88,0.0942,TRENDING
2026-10-06T12:31:00.089336,55066.45,HOLD,BULL,True,rsi_z_bull,False,55040.30290727858,55028.40058674141,11.902320537170453,60.09,1.079,4.52,9.156,1.4647,0.925,21.53,0.0391,0.946,TRENDING,flat,55058.25,55037.4,55000.4249697509,59.06443843364832,50.63,0.092,TRENDING
2026-10-06T12:32:00.344849,55078.15,HOLD,BULL,True,volume_bull,False,55043.98697843635,55030.21782372972,13.769154706627887,63.01,1.372,6.77,-3.768,2.6281,1.1678,21.63,0.0393,0.954,TRENDING,flat,55077.4,55043.6,55000.77002509457,59.06443843364832,50.63,0.092,TRENDING
2026-10-06T12:33:00.336306,55057.85,HOLD,BULL,True,rsi_z_bull,False,55045.190601181974,55031.5437442808,13.646856901170395,54.89,0.008,1.42,-10.772,1.7148,-0.921,22.37,0.0406,0.988,TRENDING,flat,55089.1,55043.6,55001.10991955474,59.06443843364832,50.63,0.092,TRENDING
2026-10-06T12:34:00.368226,55073.25,HOLD,BULL,True,rsi_z_bull,False,55047.680173054316,55032.884751933976,14.795421120339597,58.69,0.583,-1.48,11.711,1.8948,0.1858,22.01,0.04,0.98,TRENDING,flat,55089.1,55044.5,55001.40117140902,59.06443843364832,50.63,0.092,TRENDING
2026-10-06T12:35:00.352795,55086.75,HOLD,BULL,True,rsi_slope_bull,False,55051.582444549706,55035.11848094057,16.463963609137863,62.54,1.421,-0.35,0.184,2.9238,1.0278,21.99,0.0399,0.984,TRENDING,flat,55089.1,55055.35,55001.76859710841,59.06443843364832,50.63,0.092,TRENDING
2026-10-06T12:36:00.344234,55092.8,HOLD,BULL,True,volume_bull,False,55055.38296685279,55037.18895130352,18.19401554927026,63.05,1.468,8.25,-3.291,3.4933,0.5732,21.33,0.0387,0.961,TRENDING,flat,55093.25,55055.35,55002.173724364424,64.18857219100755,50.39,0.0915,TRENDING
2026-10-06T12:37:00.092061,55094.75,HOLD,BULL,True,volume_bull,False,55059.16688773232,55039.04429928602,20.122588446298323,64.09,1.552,5.32,0.201,3.7842,0.3019,20.72,0.0376,0.938,TRENDING,flat,55099.1,55055.35,55002.58955537052,64.18857219100755,50.39,0.0915,TRENDING
2026-10-06T12:38:00.087398,55113.25,HOLD,BULL,True,volume_bull,False,55064.253276290205,55042.20597774433,22.0472985458764,67.69,2.128,5.12,2.869,4.7754,0.9838,20.87,0.0379,0.949,TRENDING,flat,55099.45,55073.25,55003.174793227445,64.18857219100755,50.39,0.0915,TRENDING
2026-10-06T12:39:00.086576,55133.65,HOLD,BULL,True,volume_bull,False,55070.86188825753,55045.71867717184,25.14321108569129,71.53,2.417,8.31,0.124,6.3589,1.5854,21.69,0.0393,0.99,TRENDING,flat,55116.25,55086.35,55003.77628366939,64.18857219100755,50.39,0.0915,TRENDING
2026-10-06T12:40:00.093070,55146.6,HOLD,BULL,True,volume_bull,False,55078.01788223816,55049.6492408265,28.368641411660064,73.43,2.268,9.48,-1.841,7.6652,1.3064,21.58,0.0391,0.99,TRENDING,flat,55139.35,55086.8,55004.56313103315,64.18857219100755,50.39,0.0915,TRENDING
2026-10-06T12:41:00.086233,55139.8,HOLD,BULL,True,macd_bull,False,55083.97185581163,55053.03469930914,30.937156502492144,70.88,1.636,3.5,-4.308,7.5704,-0.0901,21.11,0.0383,0.974,TRENDING,flat,55153.65,55093.55,55005.342307877305,65.97767799420399,51.64,0.0936,TRENDING
2026-10-06T12:42:00.120586,55140.75,HOLD,BULL,True,rsi_slope_bull,False,55089.464042744425,55055.81095916423,33.653083580196835,71.35,1.468,-0.16,2.548,6.9965,-0.5556,20.43,0.0371,0.947,TRENDING,flat,55155.6,55106.85,55006.1036013464,65.97767799420399,51.64,0.0936,TRENDING
2026-10-06T12:43:00.084448,55163.5,HOLD,BULL,True,macd_bull,False,55096.471379412425,55059.91251247635,36.55886693607317,74.95,1.736,1.47,3.392,7.448,0.4543,20.84,0.0378,0.971,TRENDING,flat,55155.6,55133.65,55006.925922630064,65.97767799420399,51.64,0.0936,TRENDING
2026-10-06T12:44:00.088446,55173.1,HOLD,BULL,True,volume_bull,False,55103.73532682245,55064.25398512321,39.48134169924015,76.21,1.682,5.28,-2.159,7.7487,0.303,20.76,0.0376,0.97,TRENDING,flat,55167.2,55135.75,55007.81265516626,65.97767799420399,51.64,0.0936,TRENDING
2026-10-06T12:45:00.093719,55172.95,HOLD,BULL,True,macd_bull,False,55110.33717084016,55067.9948109841,42.3423598560621,76.55,1.502,5.08,-1.391,7.3137,-0.4212,20.89,0.0379,0.974,TRENDING,flat,55176.85,55135.75,55008.765112649955,65.97767799420399,51.64,0.0936,TRENDING
2026-10-06T12:46:00.091550,55179.95,HOLD,BULL,True,macd_bull,False,55117.130584991486,55072.66171299998,44.4688719915066,77.57,1.475,2.83,1.268,6.9717,-0.3475,21.21,0.0384,0.996,TRENDING,flat,55193.35,55140.75,55009.746721043964,80.2552626122706,52.75,0.0956,TRENDING
2026-10-06T12:47:00.089035,55184.0,HOLD,BULL,True,macd_bull,False,55123.237842455106,55076.4188395566,46.81900289850455,77.63,1.332,1.17,-1.502,6.0928,-0.8657,21.1,0.0382,0.991,TRENDING,flat,55196.95,55157.0,55010.668520796906,80.2552626122706,52.75,0.0956,TRENDING
2026-10-06T12:48:00.085359,55179.6,HOLD,BULL,True,rsi_z_bull,False,55128.69109802315,55080.465820601734,48.22527742141392,76.97,1.16,0.67,-0.274,4.9036,-1.1883,20.45,0.0371,0.965,TRENDING,flat,55196.95,55168.85,55011.60828986279,80.2552626122706,52.75,0.0956,TRENDING
2026-10-06T12:49:00.086968,55192.75,HOLD,BULL,True,macd_bull,False,55134.88408488382,55084.52941069264,50.35467419118504,79.33,1.297,1.56,2.678,4.4516,-0.442,20.55,0.0372,0.968,TRENDING,flat,55196.95,55168.85,55012.4224328488,80.2552626122706,52.75,0.0956,TRENDING
2026-10-06T12:50:00.113193,55179.55,HOLD,BULL,True,rsi_z_bull,False,55138.217850944,55087.744856302146,50.47299464185198,66.86,-0.364,-10.81,-14.755,2.119,-2.3292,21.22,0.0385,1.003,TRENDING,flat,55200.85,55168.85,55013.16532451816,80.2552626122706,52.75,0.0956,TRENDING
2026-10-06T12:51:00.090579,55159.75,HOLD,BULL,True,rsi_z_bull,False,55140.31611753106,55090.584120789536,49.7319967415242,62.67,-1.007,-14.63,8.22,-0.3698,-2.4887,21.91,0.0397,1.034,TRENDING,flat,55200.85,55169.2,55013.8177090928,92.648490814252,51.51,0.0934,TRENDING
2026-10-06T12:52:00.086217,55140.0,HOLD,BULL,True,rsi_z_bull,False,55140.20865760593,55092.928709038024,47.279948567906104,54.26,-1.879,-25.04,-3.925,-3.5471,-3.1889,22.21,0.0403,1.045,TRENDING,flat,55200.85,55148.65,55014.41299442105,92.648490814252,51.51,0.0934,TRENDING
2026-10-06T12:53:00.086657,55157.9,HOLD,BULL,True,rsi_z_bull,False,55141.935088240876,55095.333307854075,46.60178038680169,59.72,-1.35,-7.35,13.403,-4.4311,-0.8798,22.34,0.0405,1.052,TRENDING,flat,55199.8,55137.5,55014.95929744169,92.648490814252,51.51,0.0934,TRENDING
2026-10-06T12:54:00.091934,55155.8,HOLD,BULL,True,rsi_z_bull,False,55143.26175411124,55098.46240417985,44.79934993138886,58.08,-1.365,-3.77,-6.184,-5.1772,-0.766,21.95,0.0398,1.03,TRENDING,flat,55179.55,55134.35,55015.55906412403,92.648490814252,51.51,0.0934,TRENDING
2026-10-06T12:55:00.096621,55142.05,HOLD,BULL,True,rsi_z_bull,False,55143.04955476426,55098.78166255828,44.26789220597857,53.38,-1.914,-1.06,-4.35,-6.6241,-1.4113,21.75,0.0394,1.018,TRENDING,flat,55171.4,55134.35,55016.103114850004,92.648490814252,51.51,0.0934,TRENDING
2026-10-06T12:56:00.094380,55118.1,HOLD,BULL,True,rsi_z_bull,False,55140.67588925728,55099.84279326548,40.83309599180211,46.31,-2.281,-13.36,-1.786,-8.8812,-2.2651,22.23,0.0403,1.045,TRENDING,flat,55171.4,55134.35,55016.56993039018,89.13410996546008,50.18,0.091,TRENDING
2026-10-06T12:57:00.345134,55143.25,HOLD,BULL,True,rsi_z_bull,False,55141.00975601985,55101.947034089244,39.06272193060431,53.7,-1.373,-4.9,14.595,-8.3997,0.4719,22.83,0.0414,1.066,TRENDING,flat,55171.4,55116.05,55017.027856667024,89.13410996546008,50.18,0.091,TRENDING
2026-10-06T12:58:00.344856,55153.2,HOLD,BULL,True,rsi_z_bull,False,55142.29487439113,55104.04867952484,38.24619486628944,56.27,-1.025,3.03,-4.897,-7.2184,1.1802,22.47,0.0407,1.046,TRENDING,flat,55159.8,55115.85,55017.562777495354,89.13410996546008,50.18,0.091,TRENDING
2026-10-06T12:59:00.344063,55166.65,HOLD,BULL,True,rsi_z_bull,False,55144.68039370794,55106.4475573855,38.232836322436924,59.4,-0.673,13.14,0.452,-5.482,1.7385,22.49,0.0408,1.046,TRENDING,flat,55160.45,55115.85,55018.119491413694,89.13410996546008,50.18,0.091,TRENDING
2026-10-06T13:00:00.360549,55164.15,HOLD,BULL,True,rsi_z_bull,False,55146.18867236865,55108.76894783506,37.41972453358903,56.95,-0.796,3.39,-5.348,-4.7246,0.7521,22.14,0.0401,1.03,TRENDING,flat,55168.45,55115.85,55018.69203592333,89.13410996546008,50.18,0.091,TRENDING
2026-10-06T13:01:00.092954,55158.9,HOLD,BULL,True,rsi_z_bull,False,55147.46782112947,55110.411840593384,37.05598053608264,56.87,-0.763,0.46,2.0,-4.2448,0.4891,22.1,0.0401,1.023,TRENDING,flat,55171.35,55142.65,55019.30454128181,82.54112615495251,51.68,0.0937,TRENDING
2026-10-06T13:02:00.091378,55106.4,HOLD,BULL,True,rsi_z_bull,False,55143.23102771372,55110.48592269842,32.745105015303125,41.45,-1.866,-17.89,-15.009,-7.4923,-3.2572,24.7,0.0448,1.132,TRENDING,flat,55171.35,55144.4,55019.89258787989,82.54112615495251,51.68,0.0937,TRENDING
2026-10-06T13:03:00.089757,55114.85,HOLD,BULL,True,rsi_z_bull,False,55140.527772786096,55110.62039265427,29.90738013182272,44.87,-1.409,-12.25,18.666,-8.5323,-1.039,25.24,0.0458,1.147,TRENDING,flat,55171.35,55102.95,55020.34507653698,82.54112615495251,51.68,0.0937,TRENDING
2026-10-06T13:04:00.089495,55135.75,HOLD,BULL,True,rsi_z_bull,False,55140.10286775598,55111.807095532175,28.295772223806125,50.43,-0.872,-6.52,2.105,-7.5089,1.0184,26.48,0.048,1.185,TRENDING,flat,55165.65,55099.35,55020.942204602514,82.54112615495251,51.68,0.0937,TRENDING
2026-10-06T13:05:00.093183,55132.65,HOLD,BULL,True,rsi_z_bull,False,55139.34044324039,55113.153027120796,26.187416119595582,49.27,-0.859,7.85,-6.474,-6.8318,0.6625,26.03,0.0472,1.151,TRENDING,flat,55161.45,55099.35,55021.516969339886,82.54112615495251,51.68,0.0937,TRENDING
2026-10-06T13:06:00.094629,55101.5,HOLD,BULL,True,rsi_z_bull,False,55135.73574176592,55112.59214639539,23.14359537052951,42.57,-1.353,-2.46,-5.907,-8.1076,-1.2731,26.82,0.0487,1.175,TRENDING,flat,55156.9,55099.35,55022.060152333215,82.45729440185096,50.42,0.0915,TRENDING
2026-10-06T13:07:00.094652,55110.45,HOLD,BULL,True,rsi_z_bull,False,55133.33292422994,55113.16209488124,20.170829348695406,44.91,-1.056,-5.47,9.328,-7.9721,0.1183,26.67,0.0484,1.152,TRENDING,flat,55156.9,55101.5,55022.487563155664,82.45729440185096,50.42,0.0915,TRENDING
2026-10-06T13:08:00.088448,55114.6,HOLD,BULL,True,rsi_z_bull,False,55131.53260438511,55113.554933838386,17.977670546722948,45.99,-0.897,-3.39,-1.345,-7.2795,0.6835,25.97,0.0471,1.11,TRENDING,flat,55148.15,55092.95,55022.93001372921,82.45729440185096,50.42,0.0915,TRENDING
2026-10-06T13:09:00.090280,55128.0,HOLD,BULL,True,rsi_z_bull,False,55131.222691223076,55114.463281157645,16.75941006543144,49.27,-0.351,7.26,2.658,-5.6206,1.6501,25.39,0.0461,1.075,TRENDING,flat,55139.1,55092.95,55023.43933780278,82.45729440185096,50.42,0.0915,TRENDING
2026-10-06T13:10:00.106734,55136.75,HOLD,BULL,True,rsi_z_bull,False,55131.698393577455,55113.779392736724,17.919000840731314,51.79,-0.025,6.94,-1.642,-3.8425,1.8188,25.14,0.0456,1.048,TRENDING,flat,55132.3,55092.95,55023.96597034904,82.45729440185096,50.42,0.0915,TRENDING
2026-10-06T13:11:00.095513,55127.3,HOLD,BULL,True,rsi_z_bull,False,55131.21794408094,55114.326904485555,16.891039595386246,48.96,-0.336,3.22,-4.736,-3.1415,0.6998,24.65,0.0447,1.029,TRENDING,flat,55142.05,55101.35,55024.43193250204,82.31735365512577,50.32,0.0913,TRENDING
2026-10-06T13:12:00.092507,55134.75,HOLD,BULL,True,rsi_z_bull,False,55131.53469629819,55114.46797361222,17.066722685973218,51.51,0.003,1.62,4.834,-2.0621,1.0967,24.01,0.0435,0.995,TRENDING,flat,55142.05,55114.6,55024.86687610171,82.31735365512577,50.32,0.0913,TRENDING
2026-10-06T13:13:00.096308,55134.9,HOLD,BULL,True,rsi_z_bull,False,55131.73204497662,55115.87839156171,15.853653414909786,50.96,0.077,-0.76,-2.513,-1.3286,0.7161,23.35,0.0424,0.967,TRENDING,flat,55142.05,55120.55,55025.326705073465,82.31735365512577,50.32,0.0913,TRENDING
2026-10-06T13:14:00.089428,55132.85,HOLD,BULL,True,rsi_z_bull,False,55131.975162569855,55116.423567648235,15.551594921620563,51.32,0.173,2.11,0.542,-0.7741,0.5591,22.85,0.0414,0.947,TRENDING,flat,55141.15,55120.55,55025.77609504826,82.31735365512577,50.32,0.0913,TRENDING
2026-10-06T13:15:00.103361,55143.05,HOLD,BULL,True,rsi_z_bull,False,55133.00353688325,55117.72489251691,15.278644366335357,54.1,0.661,2.51,2.366,0.1569,0.9239,22.56,0.0409,0.933,TRENDING,flat,55141.15,55123.75,55026.192554957066,82.31735365512577,50.32,0.0913,TRENDING
2026-10-06T13:16:00.095963,55140.1,HOLD,BULL,True,rsi_z_bull,False,55133.619438437505,55119.395904686506,14.223533750999195,52.6,0.415,1.65,-3.83,0.5279,0.3494,22.02,0.0399,0.908,TRENDING,flat,55148.4,55124.1,55026.6083995021,82.18251348639751,48.73,0.0884,TRENDING
2026-10-06T13:17:00.097915,55139.25,HOLD,BULL,True,rsi_z_bull,False,55134.14071355942,55120.085087442785,14.055626116634812,52.53,0.4,1.3,1.095,0.6913,0.1657,21.01,0.0381,0.874,TRENDING,flat,55148.4,55124.1,55027.03342315598,82.18251348639751,48.73,0.0884,TRENDING
2026-10-06T13:18:00.096824,55144.35,HOLD,BULL,True,rsi_z_bull,False,55135.23698603121,55121.105968198506,14.131017832703947,55.0,0.871,0.95,2.389,1.1691,0.4773,20.66,0.0375,0.861,TRENDING,flat,55148.4,55129.65,55027.45402220834,82.18251348639751,48.73,0.0884,TRENDING
2026-10-06T13:19:00.099237,55139.75,HOLD,BULL,True,rsi_z_bull,False,55135.671312156075,55122.38919889826,13.2821132578174,52.11,0.542,-0.25,-4.73,1.033,-0.1507,20.28,0.0368,0.848,TRENDING,flat,55150.95,55133.1,55027.876802406616,82.18251348639751,48.73,0.0884,TRENDING
2026-10-06T13:20:00.359105,55129.6,HOLD,BULL,True,ranging,False,55134.83584583583,55121.973179593464,12.862666242363048,47.85,-0.625,-5.17,-2.509,0.0401,-0.9772,20.22,0.0367,0.85,TRENDING,flat,55150.95,55135.1,55028.25484902741,82.18251348639751,48.73,0.0884,TRENDING
2026-10-06T13:21:00.349361,55135.9,HOLD,BULL,True,ranging,False,55134.999188498296,55123.71638585662,11.282802641675516,50.79,0.499,-3.61,8.606,0.0471,-0.024,19.99,0.0363,0.841,TRENDING,flat,55150.95,55123.95,55028.63375228017,56.85927411353623,46.81,0.0849,TRENDING
2026-10-06T13:22:00.341182,55139.8,HOLD,BULL,True,rsi_z_bull,False,55135.45006060391,55123.57092716127,11.879133442635066,52.27,0.754,0.04,-2.433,0.2118,0.1851,20.06,0.0364,0.853,TRENDING,flat,55150.4,55123.95,55029.00069806463,56.85927411353623,46.81,0.0849,TRENDING
2026-10-06T13:23:00.349175,55132.65,HOLD,BULL,True,rsi_z_bull,False,55135.11457216327,55123.63671421789,11.477857945377764,49.51,-0.4,1.67,-4.488,-0.2044,-0.4092,19.35,0.0351,0.835,TRENDING,flat,55143.45,55118.65,55029.38230740148,56.85927411353623,46.81,0.0849,TRENDING
2026-10-06T13:24:00.342968,55131.5,HOLD,BULL,True,rsi_z_bull,False,55134.71124151823,55124.84457185067,9.86666966755729,48.44,-0.399,-2.4,2.735,-0.5144,-0.3344,18.54,0.0336,0.813,TRENDING,flat,55143.45,55118.65,55029.75124338155,56.85927411353623,46.81,0.0849,TRENDING
2026-10-06T13:25:00.103509,55115.95,HOLD,BULL,True,rsi_z_bull,False,55132.920224586785,55123.97830600359,8.94191858319391,42.57,-1.863,-9.31,-5.198,-1.6689,-1.1409,18.45,0.0335,0.824,TRENDING,flat,55140.5,55118.65,55030.111411358055,56.85927411353623,46.81,0.0849,TRENDING
2026-10-06T13:26:00.114741,55104.3,HOLD,BULL,True,rsi_z_bull,False,55129.97680095973,55122.12208533392,7.8547156258136965,38.79,-2.829,-10.83,1.197,-3.2129,-1.5177,18.82,0.0342,0.854,TRENDING,flat,55140.5,55114.65,55030.4771422953,50.28731301485823,50.22,0.0911,TRENDING
2026-10-06T13:27:00.087472,55083.9,HOLD,BULL,True,rsi_z_bull,False,55125.61517947179,55121.5600048694,4.055174602384795,33.68,-2.93,-15.33,-0.412,-5.1234,-1.9349,19.65,0.0357,0.904,TRENDING,flat,55136.6,55100.85,55030.77901589922,50.28731301485823,50.22,0.0911,TRENDING
2026-10-06T13:28:00.127303,55092.3,HOLD,BULL,True,ema_gap_bull,False,55122.57154641424,55121.12767451993,1.443871894312906,37.62,-1.803,-4.79,9.433,-5.4344,-0.3284,20.42,0.0371,0.957,SIDEWAYS,flat,55132.0,55082.1,55031.05595563024,50.28731301485823,50.22,0.0911,TRENDING
2026-10-06T13:29:00.088988,55105.85,HOLD,BULL,True,ema_gap_bull,False,55120.86514243056,55119.37104217568,1.4941002548803226,43.16,-0.92,4.44,0.38,-4.6472,0.8164,20.39,0.037,0.963,SIDEWAYS,flat,55124.35,55077.7,55031.332979054016,50.28731301485823,50.22,0.0911,TRENDING
2026-10-06T13:30:00.097602,55097.55,HOLD,BULL,False,ema_gap_bull,False,55118.83579861505,55119.25592604951,-0.4201274344595731,40.82,-1.024,7.86,-6.58,-4.1773,0.4524,20.2,0.0367,0.97,SIDEWAYS,flat,55112.2,55077.7,55031.64102199819,50.28731301485823,50.22,0.0911,TRENDING
2026-10-06T13:31:00.106506,55121.2,HOLD,BULL,False,ema_gap_bull,False,55118.96459965758,55117.995073394086,0.9695262634922983,49.41,0.347,11.67,10.025,-2.3356,1.8759,20.69,0.0375,0.999,SIDEWAYS,flat,55113.15,55077.7,55031.9941400614,56.66445419873344,47.77,0.0867,TRENDING
2026-10-06T13:32:00.090835,55125.3,HOLD,BULL,False,ema_gap_bull,False,55119.49154409268,55117.6409571648,1.8505869278815226,51.17,0.543,8.23,-6.841,-0.7333,1.6184,20.31,0.0368,0.99,SIDEWAYS,flat,55123.2,55087.1,55032.4205178064,56.66445419873344,47.77,0.0867,TRENDING
2026-10-06T13:33:00.099708,55117.7,HOLD,BULL,False,ranging,False,55119.27831362563,55117.65618412002,1.6221295056166127,48.36,0.141,7.19,-4.249,-0.0965,0.6359,19.82,0.036,0.978,SIDEWAYS,flat,55132.5,55094.9,55032.825054350156,56.66445419873344,47.77,0.0867,TRENDING
2026-10-06T13:34:00.089869,55121.15,HOLD,BULL,False,ema_gap_bull,False,55119.27864619702,55117.50877446732,1.7698717296952964,49.65,0.201,-0.41,3.531,0.482,0.5841,19.92,0.0361,0.989,SIDEWAYS,flat,55132.5,55096.7,55033.19474533504,56.66445419873344,47.77,0.0867,TRENDING
2026-10-06T13:35:00.127167,55102.45,HOLD,BULL,False,ema_gap_bull,False,55117.75106536584,55117.982640728784,-0.23157536294456804,43.37,-0.605,-7.74,-6.655,-0.1345,-0.6438,20.37,0.037,1.015,SIDEWAYS,flat,55132.5,55102.7,55033.56402298443,56.66445419873344,47.77,0.0867,TRENDING
2026-10-06T13:36:00.096352,55116.05,HOLD,BULL,False,ema_gap_bull,False,55117.564883063365,55117.85222768192,-0.28734461855492555,48.84,0.231,0.05,10.933,0.3243,0.46,20.26,0.0368,1.017,SIDEWAYS,flat,55128.55,55102.2,55033.8455943282,52.11704023419588,45.88,0.0833,TRENDING
2026-10-06T13:37:00.093852,55130.75,HOLD,BULL,False,ema_gap_bull,False,55118.77036349618,55119.17791086397,-0.4075473677876289,53.66,1.179,4.47,-0.003,1.5802,1.2338,20.17,0.0366,1.012,SIDEWAYS,flat,55128.1,55099.35,55034.18556525036,52.11704023419588,45.88,0.0833,TRENDING
2026-10-06T13:38:00.094039,55132.6,HOLD,BULL,False,ema_gap_bull,False,55120.08737176555,55119.6920438572,0.39532790835073683,54.65,1.295,11.07,-4.285,2.4721,0.8922,19.73,0.0358,0.995,SIDEWAYS,flat,55134.35,55099.35,55034.54696187897,52.11704023419588,45.88,0.0833,TRENDING
2026-10-06T13:39:00.110280,55126.45,HOLD,BULL,False,ema_gap_bull,False,55120.55409476531,55120.340319422045,0.2137753432689351,51.57,0.77,2.82,-3.95,2.464,-0.0198,20.35,0.0369,1.02,SIDEWAYS,flat,55142.25,55099.35,55034.879313974256,52.11704023419588,45.88,0.0833,TRENDING
2026-10-06T13:40:00.097436,55115.6,HOLD,BULL,False,ema_gap_bull,False,55120.12492004806,55120.72627749617,-0.60135744811123,47.86,0.215,-5.73,-0.336,1.7992,-0.6794,20.39,0.037,1.027,SIDEWAYS,flat,55142.25,55110.85,55035.18547288562,52.11704023419588,45.88,0.0833,TRENDING
2026-10-06T13:41:00.093422,55122.05,HOLD,BULL,False,ema_gap_bull,False,55120.178939799094,55120.63357117992,-0.45463138082413934,49.79,0.557,-4.66,5.366,1.6075,-0.1893,19.84,0.036,1.001,SIDEWAYS,flat,55142.25,55110.15,55035.477862454645,38.59018254964758,46.71,0.0847,TRENDING
2026-10-06T13:42:00.101077,55119.5,HOLD,BULL,False,ema_gap_bull,False,55119.842350448955,55120.41623548481,-0.5738850358538912,48.21,0.304,-3.19,-3.549,1.1716,-0.4343,19.97,0.0362,1.007,SIDEWAYS,flat,55138.5,55110.15,55035.783616017536,38.59018254964758,46.71,0.0847,TRENDING
2026-10-06T13:43:00.099509,55096.6,HOLD,BULL,False,ema_gap_bull,False,55117.57236685136,55119.546337399086,-1.9739705477259122,41.05,-0.993,-7.13,-5.744,-0.4534,-1.6273,20.53,0.0373,1.033,SIDEWAYS,flat,55136.55,55110.15,55036.03717498797,38.59018254964758,46.71,0.0847,TRENDING
2026-10-06T13:44:00.095161,55065.4,HOLD,BULL,False,ema_gap_bull,False,55112.63234466381,55118.039853233735,-5.407508569922356,32.63,-1.854,-16.73,-0.593,-3.3463,-2.9089,21.66,0.0393,1.077,TRENDING,flat,55136.55,55094.1,55036.172791707475,38.59018254964758,46.71,0.0847,TRENDING
2026-10-06T13:45:00.345099,55066.8,HOLD,BULL,False,ema_gap_bull,False,55108.15035462774,55115.070628164016,-6.9202735362778185,32.75,-1.69,-15.26,7.921,-4.9829,-1.6126,21.58,0.0392,1.062,TRENDING,flat,55136.55,55061.65,55036.3013281368,38.59018254964758,46.71,0.0847,TRENDING
2026-10-06T13:46:00.342250,55072.7,HOLD,BULL,False,ema_gap_bull,False,55104.81883365989,55113.07212564397,-8.253291984081443,36.66,-1.212,-4.44,3.554,-5.2152,-0.2229,21.96,0.0399,1.077,TRENDING,flat,55122.05,55061.65,55036.38661698916,31.048138030855625,48.11,0.0874,TRENDING
2026-10-06T13:47:00.360346,55081.35,HOLD,BULL,False,ema_gap_bull,False,55102.71189814705,55112.414895381975,-9.702997234926443,40.7,-0.663,7.84,0.682,-4.4096,0.7915,21.84,0.0396,1.067,TRENDING,flat,55097.5,55049.95,55036.53413592377,31.048138030855625,48.11,0.0874,TRENDING
2026-10-06T13:48:00.348192,55076.1,HOLD,BULL,False,ema_gap_bull,False,55100.0161267095,55110.99745583187,-10.981329122369061,38.17,-1.022,5.44,-6.665,-4.1409,0.2668,21.47,0.039,1.046,TRENDING,flat,55091.3,55049.95,55036.657206132666,31.048138030855625,48.11,0.0874,TRENDING
2026-10-06T13:49:00.339991,55073.5,HOLD,BULL,False,ema_gap_bull,False,55097.41700346348,55109.210304681095,-11.793301217614498,38.22,-1.075,1.29,1.938,-3.7932,0.3553,21.4,0.0389,1.039,TRENDING,flat,55091.3,55049.95,55036.79998468342,31.048138030855625,48.11,0.0874,TRENDING
2026-10-06T13:50:00.114245,55087.15,HOLD,BULL,False,ema_gap_bull,False,55096.356564993155,55109.26748010581,-12.910915112654038,44.15,-0.168,3.27,6.651,-2.4058,1.3621,21.52,0.0391,1.036,TRENDING,flat,55092.45,55067.4,55036.97266559001,31.048138030855625,48.11,0.0874,TRENDING
2026-10-06T13:51:00.093572,55100.15,HOLD,BULL,False,ema_gap_bull,False,55096.75029807929,55109.39637362786,-12.646075548567751,49.35,0.797,11.45,-0.474,-0.4146,1.9787,21.66,0.0393,1.044,TRENDING,flat,55093.65,55067.4,55037.21196964034,28.229307160268945,47.25,0.0858,TRENDING
2026-10-06T13:52:00.115926,55088.9,HOLD,BULL,False,ema_gap_bull,False,55096.195186284225,55107.762263430326,-11.567077146100928,46.54,0.201,8.44,-9.061,0.3136,0.7523,22.07,0.0401,1.057,TRENDING,flat,55107.9,55071.2,55037.43430794732,28.229307160268945,47.25,0.0858,TRENDING
2026-10-06T13:53:00.092686,55080.9,HOLD,BULL,False,ema_gap_bull,False,55094.74341702328,55107.30982730672,-12.566410283441655,43.21,-0.27,-1.09,0.015,0.229,-0.1004,22.23,0.0404,1.062,TRENDING,flat,55108.45,55071.2,55037.63471165303,28.229307160268945,47.25,0.0858,TRENDING
2026-10-06T13:54:00.097663,55085.35,HOLD,BULL,False,ema_gap_bull,False,55093.82123742924,55107.13981735961,-13.318579930368287,44.71,0.076,-4.99,5.121,0.523,0.2755,22.11,0.0401,1.051,TRENDING,flat,55108.45,55076.65,55037.827378659924,28.229307160268945,47.25,0.0858,TRENDING
2026-10-06T13:55:00.099222,55095.2,HOLD,BULL,False,ema_gap_bull,False,55093.83921214236,55106.740653117515,-12.9014409751544,48.48,0.611,2.14,1.993,1.335,0.8089,22.22,0.0403,1.053,TRENDING,flat,55108.45,55075.35,55038.05080585585,28.229307160268945,47.25,0.0858,TRENDING
2026-10-06T13:56:00.094565,55103.1,HOLD,BULL,False,ema_gap_bull,False,55094.889074895626,55106.81522842049,-11.926153524866095,52.84,1.139,9.59,0.42,2.5546,1.2157,21.79,0.0395,1.029,TRENDING,flat,55104.1,55075.35,55038.31576139347,26.204173197860655,46.26,0.084,TRENDING
2026-10-06T13:57:00.108479,55090.45,HOLD,BULL,False,ema_gap_bull,False,55094.462580255815,55106.87849291087,-12.415912655058492,47.4,0.381,2.34,-9.615,2.3554,-0.2178,21.29,0.0386,1.0,TRENDING,flat,55110.15,55075.35,55038.55891102944,26.204173197860655,46.26,0.084,TRENDING
2026-10-06T13:58:00.096639,55090.65,HOLD,BULL,False,ema_gap_bull,False,55094.02079424815,55107.066502832145,-13.045708583995292,47.04,0.471,-1.56,5.273,2.154,-0.224,21.17,0.0384,0.988,TRENDING,flat,55110.15,55080.2,55038.754054805606,26.204173197860655,46.26,0.084,TRENDING
2026-10-06T13:59:00.093641,55094.7,HOLD,BULL,False,ema_gap_bull,False,55094.08959590456,55107.08474036054,-12.995144455977425,48.84,0.912,-3.58,2.321,2.3006,0.1334,21.21,0.0385,0.992,TRENDING,flat,55110.15,55074.9,55038.98632217546,26.204173197860655,46.26,0.084,TRENDING
2026-10-06T14:00:00.128770,55095.25,HOLD,BULL,False,ema_gap_bull,False,55094.060199237014,55106.34171092688,-12.281511689863692,48.58,0.818,1.51,-2.478,2.2676,-0.0272,20.75,0.0377,0.971,TRENDING,flat,55107.65,55074.9,55039.17087236299,26.204173197860655,46.26,0.084,TRENDING
2026-10-06T14:01:00.097282,55090.9,HOLD,BULL,False,ema_gap_bull,False,55093.759611095986,55105.78301016901,-12.023399073026667,47.7,0.595,0.43,-0.886,2.0093,-0.2595,20.06,0.0364,0.939,TRENDING,flat,55107.65,55074.9,55039.345211238695,26.304787203531305,45.48,0.0826,TRENDING
2026-10-06T14:02:00.090492,55104.2,HOLD,BULL,False,ema_gap_bull,False,55094.761048315864,55106.590833067385,-11.829784751520492,53.42,1.537,4.32,7.221,2.6683,0.6361,20.52,0.0372,0.955,TRENDING,flat,55107.65,55085.45,55039.561000582755,26.304787203531305,45.48,0.0826,TRENDING
2026-10-06T14:03:00.093624,55105.55,HOLD,BULL,False,ema_gap_bull,False,55095.96799033408,55107.01778977688,-11.049799442800577,54.6,1.536,6.08,-4.664,3.1925,0.5138,19.9,0.0361,0.929,TRENDING,flat,55115.6,55086.2,55039.769174409215,26.304787203531305,45.48,0.0826,TRENDING
2026-10-06T14:04:00.093729,55121.85,HOLD,BULL,False,ema_gap_bull,False,55098.30448883763,55107.560764587346,-9.256275749714405,59.8,2.061,12.35,3.73,4.2281,1.0353,20.77,0.0377,0.971,TRENDING,flat,55115.6,55087.95,55039.97707808358,26.304787203531305,45.48,0.0826,TRENDING
2026-10-06T14:05:00.140694,55112.05,HOLD,BULL,False,ema_gap_bull,False,55099.64500568654,55108.09694588032,-8.451940193779592,55.5,1.352,2.26,-9.265,4.1787,-0.0586,20.57,0.0373,0.963,TRENDING,flat,55125.4,55089.65,55040.212425523314,26.304787203531305,45.48,0.0826,TRENDING
2026-10-06T14:06:00.143865,55111.65,HOLD,BULL,False,ema_gap_bull,False,55100.816793276244,55108.233785357814,-7.416992081569333,55.28,1.225,0.72,3.965,3.9227,-0.2556,19.88,0.0361,0.937,TRENDING,flat,55126.7,55093.35,55040.44288639557,27.607323640528193,45.09,0.0818,TRENDING
2026-10-06T14:07:00.092894,55101.5,HOLD,BULL,False,ema_gap_bull,False,55100.88159399903,55107.93711949446,-7.055525495430629,50.35,0.255,-9.56,-4.983,2.906,-1.0159,20.08,0.0364,0.952,TRENDING,flat,55126.7,55093.35,55040.61918813586,27.607323640528193,45.09,0.0818,TRENDING
2026-10-06T14:08:00.099625,55105.2,HOLD,BULL,False,ema_gap_bull,False,55101.1877622531,55108.3245521901,-7.136789936994319,50.84,0.474,-4.09,6.292,2.3028,-0.6173,20.29,0.0368,0.962,TRENDING,flat,55126.7,55089.15,55040.835925988235,27.607323640528193,45.09,0.0818,TRENDING
2026-10-06T14:09:00.352734,55116.0,HOLD,BULL,False,ema_gap_bull,False,55102.50478973374,55107.61849226815,-5.113702534406912,56.05,1.347,0.97,3.72,2.482,0.2047,20.21,0.0367,0.959,TRENDING,flat,55124.1,55089.15,55041.04942395732,27.607323640528193,45.09,0.0818,TRENDING
2026-10-06T14:10:00.343844,55116.85,HOLD,BULL,False,ema_gap_bull,False,55103.79159408659,55107.55595219784,-3.7643581112497486,56.21,1.317,6.53,-4.519,2.53,0.0584,19.86,0.036,0.946,TRENDING,flat,55124.1,55089.15,55041.27417235158,27.607323640528193,45.09,0.0818,TRENDING
2026-10-06T14:11:00.344157,55101.5,HOLD,BULL,False,ema_gap_bull,False,55103.53298253784,55106.44502286054,-2.9120403226988856,49.38,-0.484,-2.44,-8.076,1.455,-1.0524,20.29,0.0368,0.971,SIDEWAYS,flat,55125.65,55101.4,55041.480955992745,38.763725495751714,45.33,0.0822,TRENDING
2026-10-06T14:12:00.115695,55094.1,HOLD,BULL,False,ema_gap_bull,False,55102.69814412763,55106.76673411226,-4.068589984628488,46.04,-1.003,-10.17,4.761,0.3154,-1.1602,20.33,0.0369,0.978,TRENDING,flat,55125.65,55097.1,55041.65322746846,38.763725495751714,45.33,0.0822,TRENDING
2026-10-06T14:13:00.110947,55096.6,HOLD,BULL,False,ranging,False,55102.37842352105,55106.37198252444,-3.9935590033928747,48.2,-0.539,-8.08,5.255,-0.1454,-0.4581,20.62,0.0374,0.998,TRENDING,flat,55125.65,55088.3,55041.8580670543,38.763725495751714,45.33,0.0822,TRENDING
2026-10-06T14:14:00.092060,55097.2,HOLD,BULL,False,ema_gap_bull,False,55101.727977552124,55105.35264034669,-3.6246627945656655,46.27,-0.995,-2.24,-4.134,-0.6898,-0.5287,21.19,0.0385,1.027,TRENDING,flat,55123.15,55088.3,55042.06907441947,38.763725495751714,45.33,0.0822,TRENDING
2026-10-06T14:15:00.116476,55095.3,HOLD,BULL,False,ema_gap_bull,False,55101.312870159934,55104.10356497379,-2.790694813855225,48.32,-0.95,1.53,2.798,-0.8998,-0.1852,20.72,0.0376,1.005,SIDEWAYS,flat,55115.25,55085.15,55042.26192520231,38.763725495751714,45.33,0.0822,TRENDING
2026-10-06T14:16:00.122308,55093.7,HOLD,BULL,False,ema_gap_bull,False,55100.63937269905,55104.77463143572,-4.135258736670949,46.25,-1.171,-2.48,-2.721,-1.162,-0.2902,20.32,0.0369,0.989,TRENDING,flat,55115.25,55085.15,55042.44441303711,41.39326484870253,43.74,0.0794,TRENDING
2026-10-06T14:17:00.110500,55086.95,HOLD,BULL,False,ema_gap_bull,False,55099.36288137572,55104.50713900343,-5.14425762771134,42.86,-1.792,-4.14,-1.746,-1.7213,-0.5704,20.7,0.0376,1.013,TRENDING,flat,55113.7,55083.75,55042.648055573765,41.39326484870253,43.74,0.0794,TRENDING
2026-10-06T14:18:00.108280,55078.75,HOLD,BULL,False,ema_gap_bull,False,55097.33736515895,55103.993174970135,-6.655809811185463,38.32,-2.216,-9.17,-0.637,-2.5607,-0.8531,20.31,0.0369,0.994,TRENDING,flat,55111.7,55083.75,55042.80131345668,41.39326484870253,43.74,0.0794,TRENDING
2026-10-06T14:19:00.113369,55087.15,HOLD,BULL,False,ema_gap_bull,False,55096.36485727809,55103.0535563449,-6.6886990668135695,44.17,-1.05,-1.78,9.825,-2.3819,0.1861,20.62,0.0374,1.012,TRENDING,flat,55111.7,55076.7,55042.9394236223,41.39326484870253,43.74,0.0794,TRENDING
2026-10-06T14:20:00.107272,55095.3,HOLD,BULL,False,ema_gap_bull,False,55096.26315905345,55102.71486222188,-6.451703168429958,47.7,0.016,6.43,-1.105,-1.6105,0.7723,20.39,0.037,1.001,TRENDING,flat,55111.7,55067.55,55043.13539780162,41.39326484870253,43.74,0.0794,TRENDING
2026-10-06T14:21:00.172154,55113.3,HOLD,BULL,False,ema_gap_bull,False,55097.90967831835,55100.83738190292,-2.9277035845734645,57.64,1.146,18.73,3.937,0.0933,1.7646,21.31,0.0387,1.032,SIDEWAYS,flat,55101.2,55067.55,55043.33436992495,30.703200344949437,45.03,0.0817,TRENDING
2026-10-06T14:22:00.098444,55077.1,HOLD,BULL,False,ema_gap_bull,False,55095.93176963348,55100.391367439785,-4.459597806308011,42.62,-1.358,-2.23,-23.605,-1.1204,-1.2265,23.43,0.0425,1.136,TRENDING,flat,55113.8,55067.55,55043.49038778815,30.703200344949437,45.03,0.0817,TRENDING
2026-10-06T14:23:00.098005,55072.9,HOLD,BULL,False,ema_gap_bull,False,55093.63104653191,55100.13000578227,-6.498959250355256,40.49,-1.406,-8.23,13.436,-2.1388,-1.0411,23.55,0.0428,1.129,TRENDING,flat,55114.3,55062.35,55043.61804657695,30.703200344949437,45.03,0.0817,TRENDING
2026-10-06T14:24:00.093938,55078.8,HOLD,BULL,False,ema_gap_bull,False,55092.21723298859,55099.13055572071,-6.913322732121742,43.35,-0.725,-13.29,4.865,-2.2094,-0.0663,23.22,0.0422,1.114,TRENDING,flat,55114.3,55062.35,55043.733137629264,30.703200344949437,45.03,0.0817,TRENDING
2026-10-06T14:25:00.122034,55069.0,HOLD,BULL,False,ema_gap_bull,False,55089.99588775607,55096.704211304685,-6.708323548613407,40.69,-1.279,-1.77,-6.442,-2.7653,-0.5231,22.71,0.0412,1.078,TRENDING,flat,55114.3,55062.35,55043.83123909525,30.703200344949437,45.03,0.0817,TRENDING
2026-10-06T14:26:00.099048,55067.6,HOLD,BULL,False,ema_gap_bull,False,55088.108785619144,55096.02753574905,-7.918750129902037,41.15,-1.067,0.5,3.804,-2.8349,-0.0793,23.13,0.042,1.094,TRENDING,flat,55092.25,55067.3,55043.91697974479,25.900506083133223,44.25,0.0804,TRENDING
2026-10-06T14:27:00.093724,55058.6,HOLD,BULL,False,ema_gap_bull,False,55085.29974134372,55094.720731255074,-9.420989911355719,37.59,-1.541,-6.47,-4.311,-3.4314,-0.6008,23.08,0.0419,1.086,TRENDING,flat,55090.45,55061.35,55043.99169490723,25.900506083133223,44.25,0.0804,TRENDING
2026-10-06T14:28:00.098200,55048.05,HOLD,BULL,False,ema_gap_bull,False,55081.67580978887,55093.42148880788,-11.745679019011732,34.15,-1.795,-6.52,0.449,-4.2962,-0.8796,25.44,0.0462,1.182,TRENDING,flat,55090.45,55057.6,55043.95559248265,25.900506083133223,44.25,0.0804,TRENDING
2026-10-06T14:29:00.096901,55020.25,HOLD,BULL,False,ema_gap_bull,False,55075.66176516497,55090.81342418186,-15.151659016890335,27.32,-2.373,-13.55,-3.261,-6.39,-2.1024,26.33,0.0479,1.205,TRENDING,flat,55090.45,55005.05,55043.92512849044,25.900506083133223,44.25,0.0804,TRENDING
2026-10-06T14:30:00.103140,55030.0,HOLD,BULL,False,ema_gap_bull,False,55071.12884091049,55087.958849541035,-16.830008630546217,32.28,-1.567,-5.2,11.319,-6.6991,-0.2987,26.54,0.0482,1.197,TRENDING,flat,55080.25,55005.05,55043.89317624263,25.900506083133223,44.25,0.0804,TRENDING
2026-10-06T14:31:00.104467,55037.05,HOLD,BULL,False,ema_gap_bull,False,55067.55255286188,55086.14909041942,-18.596537557539705,34.72,-1.057,0.76,-2.133,-6.0937,0.5968,26.09,0.0474,1.162,TRENDING,flat,55061.15,55005.05,55043.880732193815,19.295473557482183,47.0,0.0854,TRENDING
2026-10-06T14:32:00.088389,55040.9,HOLD,BULL,False,ema_gap_bull,False,55064.871007459406,55084.273010703684,-19.402003244278603,37.51,-0.594,10.11,0.168,-4.9281,1.1667,25.56,0.0464,1.126,TRENDING,flat,55053.85,55016.05,55043.876946624216,19.295473557482183,47.0,0.0854,TRENDING
2026-10-06T14:33:00.362858,55052.15,HOLD,BULL,False,ema_gap_bull,False,55063.040685243155,55082.7889414417,-19.748256198545278,40.56,-0.143,8.24,0.14,-3.4279,1.4994,25.09,0.0456,1.093,TRENDING,flat,55051.05,55018.45,55043.895331990425,19.295473557482183,47.0,0.0854,TRENDING
2026-10-06T14:34:00.343483,55042.1,HOLD,BULL,False,ema_gap_bull,False,55060.78248339707,55081.427786416076,-20.645303019002313,38.4,-0.338,3.73,-4.866,-2.5865,0.8324,24.71,0.0449,1.068,TRENDING,flat,55058.4,55027.2,55043.88897920082,19.295473557482183,47.0,0.0854,TRENDING
2026-10-06T14:35:00.350697,55034.05,HOLD,BULL,False,ema_gap_bull,False,55058.2497019901,55079.43922124154,-21.189519251442107,36.89,-0.514,-0.59,0.412,-2.1329,0.4571,24.58,0.0447,1.055,TRENDING,flat,55058.4,55032.4,55043.85266280397,19.295473557482183,47.0,0.0854,TRENDING
2026-10-06T14:36:00.349116,55017.95,HOLD,BULL,False,ema_gap_bull,False,55054.47343992671,55077.04114598466,-22.567706057947362,32.71,-1.089,-7.84,-2.778,-2.6007,-0.4675,24.51,0.0445,1.043,TRENDING,flat,55058.4,55019.15,55043.798847448255,13.152993790943583,46.31,0.0841,TRENDING
2026-10-06T14:37:00.111812,55033.8,HOLD,BULL,False,ema_gap_bull,False,55052.506723544604,55075.61229328582,-23.10556974121573,39.88,0.11,1.53,11.677,-1.6452,0.9485,24.42,0.0444,1.029,TRENDING,flat,55052.15,55014.0,55043.759993563894,13.152993790943583,46.31,0.0841,TRENDING
2026-10-06T14:38:00.091463,55027.25,HOLD,BULL,False,ema_gap_bull,False,55050.304117148204,55073.55965210163,-23.255534953423194,38.48,-0.086,1.78,-8.675,-1.1115,0.54,24.36,0.0443,1.018,TRENDING,flat,55042.1,55014.0,55043.689233624056,13.152993790943583,46.31,0.0841,TRENDING
2026-10-06T14:39:00.121857,55023.05,HOLD,BULL,False,ema_gap_bull,False,55047.66612635754,55071.04166156747,-23.375535209932423,36.83,-0.404,4.01,-0.681,-1.0163,0.1089,23.79,0.0432,0.987,TRENDING,flat,55040.45,55013.1,55043.651344810314,13.152993790943583,46.31,0.0841,TRENDING
2026-10-06T14:40:00.134144,55029.85,HOLD,BULL,False,ema_gap_bull,False,55046.1439466781,55069.88396623618,-23.74001955807762,41.07,0.387,1.05,6.371,-0.167,0.8391,23.67,0.043,0.976,TRENDING,flat,55040.45,55013.1,55043.60317914253,13.152993790943583,46.31,0.0841,TRENDING
2026-10-06T14:41:00.090019,55036.8,HOLD,SIDEWAYS,False,5m_sideways,False,55045.32182998269,55068.75050189495,-23.428671912261052,43.62,1.421,5.11,-1.656,0.8888,1.0523,23.54,0.0428,0.965,TRENDING,flat,55038.85,55013.1,55043.55938988434,6.021516278233321,45.47,0.0826,SIDEWAYS
2026-10-06T14:42:00.098478,55078.0,HOLD,SIDEWAYS,False,5m_sideways,False,55048.345706507345,55068.7580864218,-20.412379914458143,57.89,3.16,21.27,11.445,4.1638,3.2834,24.96,0.0453,1.022,TRENDING,flat,55041.9,55016.6,55043.55158988505,6.021516278233321,45.47,0.0826,SIDEWAYS
2026-10-06T14:43:00.091391,55056.5,HOLD,SIDEWAYS,False,5m_sideways,False,55049.345732196554,55068.322677479715,-18.976945283160603,51.29,1.843,10.51,-20.554,4.9706,0.808,24.92,0.0453,1.018,TRENDING,flat,55077.1,55016.6,55043.62740385332,6.021516278233321,45.47,0.0826,SIDEWAYS
2026-10-06T14:44:00.100460,55038.1,HOLD,SIDEWAYS,False,5m_sideways,False,55048.23166637439,55066.51672771392,-18.2850613395276,45.07,0.887,1.55,0.159,3.9735,-0.9811,24.81,0.0451,1.008,TRENDING,flat,55078.6,55020.3,55043.63180430648,6.021516278233321,45.47,0.0826,SIDEWAYS
2026-10-06T14:45:00.098650,55047.0,HOLD,SIDEWAYS,False,5m_sideways,False,55048.876416241794,55065.50273647606,-16.62632023426704,50.35,1.496,-7.27,11.535,4.3558,0.3971,25.08,0.0456,1.012,TRENDING,flat,55078.6,55033.2,55043.62913088205,6.021516278233321,45.47,0.0826,SIDEWAYS
2026-10-06T14:46:00.096749,55065.85,HOLD,SIDEWAYS,False,5m_sideways,False,55050.43456893032,55064.7613794165,-14.326810486178147,53.55,1.651,1.88,-2.43,5.1143,0.7778,24.91,0.0452,1.0,TRENDING,flat,55078.6,55033.2,55043.69411419484,3.535541223260225,45.84,0.0833,SIDEWAYS
2026-10-06T14:47:00.099994,55052.35,HOLD,SIDEWAYS,False,5m_sideways,False,55050.19158519634,55064.48526377742,-14.293678581074346,48.41,0.89,3.0,-8.02,4.319,-0.8055,24.72,0.0449,0.99,TRENDING,flat,55069.55,55033.2,55043.756400823106,3.535541223260225,45.84,0.0833,SIDEWAYS
2026-10-06T14:48:00.113131,55061.0,HOLD,SIDEWAYS,False,5m_sideways,False,55051.22467355274,55064.80289141633,-13.578217863592727,51.97,1.24,1.5,8.9,4.5179,0.187,24.12,0.0438,0.971,TRENDING,flat,55069.55,55033.2,55043.79216619438,3.535541223260225,45.84,0.0833,SIDEWAYS
2026-10-06T14:49:00.120586,55072.6,HOLD,SIDEWAYS,False,5m_sideways,False,55053.25866946954,55064.894750119296,-11.636080649754149,55.34,1.497,1.63,-0.652,5.2033,0.691,24.35,0.0442,0.984,TRENDING,flat,55069.55,55046.8,55043.868927588635,3.535541223260225,45.84,0.0833,SIDEWAYS
2026-10-06T14:50:00.107926,55064.7,HOLD,SIDEWAYS,False,5m_sideways,False,55054.5933464248,55065.832644157534,-11.239297732732666,53.43,1.161,5.12,-4.82,5.0976,-0.128,23.76,0.0431,0.964,TRENDING,flat,55084.05,55046.8,55043.93346954038,3.535541223260225,45.84,0.0833,SIDEWAYS
2026-10-06T14:51:00.088455,55060.6,HOLD,SIDEWAYS,False,5m_sideways,False,55055.10968204174,55065.77707846358,-10.667396421842568,50.99,0.79,-0.91,-0.57,4.3418,-0.7603,23.26,0.0422,0.952,TRENDING,flat,55084.05,55048.25,55043.9761341525,3.859286492137471,45.31,0.0823,SIDEWAYS
2026-10-06T14:52:00.109064,55062.75,HOLD,SIDEWAYS,False,5m_sideways,False,55055.720613075544,55065.31387355571,-9.593260480163735,51.6,0.761,-3.55,2.784,3.7666,-0.5675,22.35,0.0406,0.921,TRENDING,flat,55084.05,55050.0,55044.03654749393,3.859286492137471,45.31,0.0823,SIDEWAYS
2026-10-06T14:53:00.093881,55056.7,HOLD,SIDEWAYS,False,5m_sideways,False,55055.77171400001,55065.04195439776,-9.270240397752787,49.54,0.481,-3.59,-2.281,2.9056,-0.8631,21.91,0.0398,0.907,TRENDING,flat,55073.1,55050.0,55044.080859482856,3.859286492137471,45.31,0.0823,SIDEWAYS
2026-10-06T14:54:00.093438,55058.95,HOLD,SIDEWAYS,False,5m_sideways,False,55055.81664528288,55064.04110394869,-8.224458665812563,49.97,0.375,-1.32,1.831,2.2213,-0.667,21.43,0.0389,0.892,TRENDING,flat,55069.45,55050.0,55044.110930947805,3.859286492137471,45.31,0.0823,SIDEWAYS
2026-10-06T14:55:00.096562,55037.5,HOLD,SIDEWAYS,False,5m_sideways,False,55054.44308490508,55063.66667860228,-9.223593697206525,44.86,-0.449,-6.93,-5.155,0.7615,-1.4733,21.75,0.0395,0.913,TRENDING,flat,55069.45,55047.75,55044.1185577005,3.859286492137471,45.31,0.0823,SIDEWAYS
2026-10-06T14:56:00.098127,55053.8,HOLD,SIDEWAYS,False,5m_sideways,False,55054.30090629288,55063.82914395903,-9.528237666148925,49.04,0.146,-0.75,9.507,0.5644,-0.2125,22.23,0.0404,0.938,TRENDING,flat,55069.3,55034.4,55044.1394387746,8.134843513653323,45.29,0.0823,SIDEWAYS
2026-10-06T14:57:00.097774,55060.8,HOLD,SIDEWAYS,False,5m_sideways,False,55054.64449353639,55063.6964532982,-9.051959761811304,50.7,0.404,1.08,-2.564,0.7372,0.1702,21.67,0.0394,0.92,TRENDING,flat,55062.8,55033.5,55044.16989748887,8.134843513653323,45.29,0.0823,SIDEWAYS
2026-10-06T14:58:00.094152,55050.05,HOLD,SIDEWAYS,False,5m_sideways,False,55054.25675446391,55062.87116908528,-8.614414621370088,48.01,-0.179,3.51,-4.489,0.3443,-0.3848,21.65,0.0393,0.922,TRENDING,flat,55062.95,55033.5,55044.1925426501,8.134843513653323,45.29,0.0823,SIDEWAYS
2026-10-06T14:59:00.340169,55033.65,HOLD,SIDEWAYS,False,5m_sideways,False,55052.462652579874,55061.43116305696,-8.968510477083328,43.12,-1.534,-5.98,-2.404,-0.8792,-1.2139,21.86,0.0397,0.936,TRENDING,flat,55063.2,55033.5,55044.189370631095,8.134843513653323,45.29,0.0823,SIDEWAYS
2026-10-07T09:15:00.480732,54958.15,HOLD,SIDEWAYS,False,5m_sideways,False,55005.7032576063,55017.16032446498,-11.457066858682083,43.86,-0.079,0.29,-80.02,5.2183,-5.3544,28.31,0.0515,1.565,TRENDING,flat,55128.4,54993.75,54958.15,-7.008080966093985,46.45,0.0843,SIDEWAYS
2026-10-07T09:16:00.470579,54743.8,HOLD,SIDEWAYS,False,5m_sideways,False,54980.93293501547,55006.68406542564,-25.75113041016448,25.53,-1.747,-17.86,21.578,-12.6057,-17.8286,43.14,0.0788,2.256,TRENDING,flat,55128.4,54968.7,54793.367955801135,-7.37528736335662,54.32,0.0988,SIDEWAYS
2026-10-07T09:17:00.205982,54739.65,HOLD,SIDEWAYS,False,5m_sideways,False,54958.144283999805,54996.315019550835,-38.17073555102979,25.33,-1.623,-58.34,18.09,-23.3032,-10.6981,44.08,0.0805,2.187,TRENDING,flat,55128.4,54732.8,54760.14477401128,-7.37528736335662,54.32,0.0988,SIDEWAYS
2026-10-07T09:18:00.213275,54779.85,HOLD,SIDEWAYS,False,5m_sideways,False,54940.201338100334,54987.35270168124,-47.1513635809024,29.59,-1.178,-14.23,4.461,-26.8746,-3.5693,45.11,0.0824,2.136,TRENDING,flat,54968.7,54693.6,54755.56367924528,-7.37528736335662,54.32,0.0988,SIDEWAYS
2026-10-07T09:19:00.285029,54795.1,HOLD,SIDEWAYS,False,5m_sideways,False,54926.314963207995,54979.72073736767,-53.405774159677094,33.17,-0.782,7.66,-0.659,-25.9493,0.927,44.5,0.0812,2.016,TRENDING,flat,54958.15,54693.6,54761.40233050845,-7.37528736335662,54.32,0.0988,SIDEWAYS
2026-10-07T09:20:00.220070,54824.35,HOLD,SIDEWAYS,False,5m_sideways,False,54916.60176502645,54973.35273979624,-56.750974769791355,37.36,-0.389,12.05,0.59,-21.862,4.0945,44.76,0.0816,1.932,TRENDING,flat,54798.7,54693.6,54774.4366141731,-7.37528736335662,54.32,0.0988,SIDEWAYS
2026-10-07T09:21:00.204443,54746.3,HOLD,BEAR,False,rsi_slope_bear,False,54900.270293011585,54964.06950528996,-63.79921227837622,31.76,-0.855,2.11,-9.854,-22.9212,-1.0504,47.29,0.0864,1.943,TRENDING,flat,54841.25,54720.45,54775.98082319914,-22.407561427411565,69.95,0.1276,TRENDING
2026-10-07T09:22:00.204981,54764.3,HOLD,BEAR,False,rsi_slope_bear,False,54887.26163566889,54956.552173265,-69.2905375961127,34.27,-0.597,1.02,8.174,-20.8461,2.066,45.97,0.0839,1.792,TRENDING,flat,54841.25,54743.7,54773.84499999995,-22.407561427411565,69.95,0.1276,TRENDING
2026-10-07T09:23:00.211723,54774.15,HOLD,BEAR,False,macd_bear,False,54877.006100479826,54949.94298178321,-72.93688130338705,36.48,-0.413,-1.02,-0.344,-17.0449,3.7925,45.41,0.0829,1.687,TRENDING,flat,54841.25,54743.7,54775.36731571621,-22.407561427411565,69.95,0.1276,TRENDING
2026-10-07T09:24:00.203727,54770.85,HOLD,BEAR,False,rsi_z_bear,False,54866.901993817824,54943.65313420517,-76.75114038734318,35.57,-0.305,3.98,-2.847,-13.8819,3.1437,43.4,0.0792,1.535,TRENDING,flat,54824.35,54743.7,54774.85517135857,-22.407561427411565,69.95,0.1276,TRENDING
2026-10-07T09:25:00.202807,54796.45,HOLD,BEAR,False,rsi_z_bear,False,54860.18021718364,54936.40550009415,-76.22528291051276,39.33,-0.058,5.13,4.345,-9.1241,4.7967,43.63,0.0796,1.468,TRENDING,flat,54802.05,54746.3,54775.1523135546,-22.407561427411565,69.95,0.1276,TRENDING
2026-10-07T09:26:00.205252,54776.6,HOLD,BEAR,False,rsi_z_bear,False,54852.10451121789,54929.920430705104,-77.81591948721325,37.5,-0.217,1.07,-5.536,-6.5052,2.6234,42.59,0.0778,1.378,TRENDING,flat,54802.05,54754.65,54775.19247311823,-31.631722051468387,70.93,0.1294,TRENDING
2026-10-07T09:27:00.200221,54762.15,HOLD,BEAR,False,rsi_z_bear,False,54843.115571446455,54923.407082713195,-80.29151126673969,35.87,-0.28,0.22,0.327,-5.1473,1.3516,41.57,0.0759,1.29,TRENDING,flat,54800.55,54754.65,54774.27309058614,-31.631722051468387,70.93,0.1294,TRENDING
2026-10-07T09:28:00.201922,54755.35,HOLD,BEAR,False,rsi_z_bear,False,54834.66796565165,54916.38201560959,-81.71404995794,35.61,-0.289,-3.73,1.265,-3.7392,1.4186,40.27,0.0735,1.2,TRENDING,flat,54800.55,54750.95,54773.17671399594,-31.631722051468387,70.93,0.1294,TRENDING
2026-10-07T09:29:00.202744,54750.2,HOLD,BEAR,False,rsi_z_bear,False,54826.62293097192,54909.80803108467,-83.18510011275066,35.17,-0.279,-2.25,-0.111,-2.4102,1.3305,39.03,0.0713,1.116,TRENDING,flat,54796.45,54748.05,54771.52568173337,-31.631722051468387,70.93,0.1294,TRENDING
2026-10-07T09:30:00.224598,54737.05,HOLD,BEAR,False,rsi_z_bear,False,54818.451081330364,54902.815522639314,-84.36444130894961,34.25,-0.319,-1.62,-0.517,-1.5336,0.8862,38.29,0.0699,1.056,TRENDING,flat,54779.4,54740.0,54769.202460426815,-31.631722051468387,70.93,0.1294,TRENDING
2026-10-07T09:31:00.205126,54730.85,HOLD,BEAR,False,rsi_z_bear,False,54809.82365324294,54895.52623261615,-85.70257937321003,32.9,-0.374,-2.6,-0.365,-1.2095,0.3354,37.76,0.069,0.999,TRENDING,flat,54771.55,54730.3,54765.79553998103,-45.624246419429255,70.37,0.1286,TRENDING
2026-10-07T09:32:00.208501,54776.8,HOLD,BEAR,False,rsi_z_bear,False,54806.716898655286,54889.757204004825,-83.04030534953927,42.04,0.345,6.73,10.239,2.7167,3.956,38.77,0.0708,0.991,TRENDING,flat,54762.4,54712.15,54765.32520734603,-45.624246419429255,70.37,0.1286,TRENDING
2026-10-07T09:33:00.222117,54751.85,HOLD,BEAR,False,rsi_z_bear,False,54801.60901444554,54884.793399094626,-83.18438464908832,39.25,0.143,4.89,-11.729,4.0365,1.3093,37.97,0.0693,0.937,TRENDING,flat,54780.45,54712.15,54764.91892116192,-45.624246419429255,70.37,0.1286,TRENDING
2026-10-07T09:34:00.212650,54742.85,HOLD,BEAR,False,rsi_z_bear,False,54796.12479091488,54879.55934024827,-83.43454933338944,38.21,0.639,5.17,1.76,4.5866,0.5426,36.86,0.0673,0.891,TRENDING,flat,54780.45,54712.15,54764.34496626887,-45.624246419429255,70.37,0.1286,TRENDING
2026-10-07T09:35:00.205117,54728.1,HOLD,BEAR,False,rsi_z_bear,False,54789.80942709778,54873.84329246924,-84.03386537145707,36.66,0.41,-5.39,-0.586,4.2853,-0.3055,36.83,0.0673,0.881,TRENDING,flat,54780.45,54727.8,54763.68905905432,-45.624246419429255,70.37,0.1286,TRENDING
2026-10-07T09:36:00.204765,54709.6,HOLD,BEAR,False,rsi_z_bear,False,54782.27894478661,54867.90389542494,-85.62495063833194,34.44,-0.195,-4.69,-0.492,3.1531,-1.1442,36.63,0.067,0.883,TRENDING,flat,54776.8,54727.5,54761.055256410444,-63.29742652846471,70.75,0.1293,TRENDING
2026-10-07T09:37:00.209905,54711.4,HOLD,BEAR,False,macd_bear,False,54775.4776010804,54861.337394561095,-85.85979348069668,34.49,-0.403,-3.64,2.131,2.7584,-0.384,34.74,0.0635,0.847,TRENDING,flat,54764.1,54695.85,54758.77412300196,-63.29742652846471,70.75,0.1293,TRENDING
2026-10-07T09:38:00.209920,54705.15,HOLD,BEAR,False,macd_bear,False,54768.43419466399,54854.74322649166,-86.30903182766633,33.37,-0.957,-3.12,-1.123,2.2468,-0.503,33.8,0.0618,0.835,TRENDING,flat,54763.95,54695.85,54756.40581124087,-63.29742652846471,70.75,0.1293,TRENDING
2026-10-07T09:39:00.200739,54703.3,HOLD,BEAR,False,rsi_slope_bear,False,54762.158906354656,54848.12083398534,-85.96192763068393,33.85,-0.927,-0.8,1.34,2.3377,0.1082,32.35,0.0591,0.811,TRENDING,flat,54729.2,54693.9,54753.88103588094,-63.29742652846471,70.75,0.1293,TRENDING
2026-10-07T09:40:00.218288,54654.85,HOLD,BEAR,False,macd_bear,False,54751.94429221178,54841.18739085826,-89.24309864647512,28.39,-2.371,-6.1,-5.517,-0.2815,-2.6362,34.08,0.0624,0.866,TRENDING,flat,54718.7,54692.9,54750.58876896168,-63.29742652846471,70.75,0.1293,TRENDING
2026-10-07T09:41:00.466794,54658.5,HOLD,BEAR,False,volume_bear,False,54742.347415056865,54833.47002642602,-91.12261136915185,28.04,-2.186,-5.38,4.907,-1.6903,-1.4017,33.25,0.0608,0.86,TRENDING,flat,54715.35,54649.15,54747.19026681716,-72.03512128596776,71.75,0.1313,TRENDING
2026-10-07T09:42:00.475865,54695.55,HOLD,BEAR,False,rsi_z_bear,False,54737.66054738892,54827.79615208278,-90.13560469385993,37.9,0.697,4.13,10.134,0.6647,2.3594,34.55,0.0632,0.908,TRENDING,flat,54706.4,54637.6,54744.63695928771,-72.03512128596776,71.75,0.1313,TRENDING
2026-10-07T09:43:00.475196,54731.5,HOLD,BEAR,False,rsi_z_bear,False,54737.0999040799,54824.30670103397,-87.20679695407307,45.27,2.323,16.78,-2.398,5.049,4.3771,35.59,0.065,0.947,TRENDING,flat,54705.75,54637.6,54743.930913410906,-72.03512128596776,71.75,0.1313,TRENDING
2026-10-07T09:44:00.460636,54758.05,HOLD,BEAR,False,rsi_z_bear,False,54739.03556249914,54821.966085277476,-82.9305227783334,49.77,2.533,21.21,-3.053,9.6306,4.5741,35.75,0.0653,0.961,TRENDING,flat,54742.0,54637.6,54744.19275844435,-72.03512128596776,71.75,0.1313,TRENDING
2026-10-07T09:45:00.214092,54737.2,HOLD,BEAR,False,rsi_z_bear,False,54738.89828563562,54820.33041523168,-81.43212959605444,46.32,1.759,8.65,-7.329,11.1977,1.5229,35.63,0.0651,0.965,TRENDING,flat,54769.05,54644.95,54744.38110099356,-72.03512128596776,71.75,0.1313,TRENDING
2026-10-07T09:46:00.239668,54726.0,HOLD,BEAR,False,rsi_z_bear,False,54737.64366540914,54815.7473266743,-78.10366126516601,44.62,1.308,-0.47,1.311,11.2134,0.0387,34.86,0.0637,0.957,TRENDING,flat,54769.7,54694.25,54743.95584593134,-84.6544040646695,75.75,0.1384,TRENDING
2026-10-07T09:47:00.214834,54696.7,HOLD,BEAR,False,rsi_z_bear,False,54733.738137265784,54810.329099525436,-76.59096225965186,40.72,0.53,-8.87,-2.348,9.1612,-2.0325,35.11,0.0642,0.973,TRENDING,flat,54769.7,54717.2,54743.036247851385,-84.6544040646695,75.75,0.1384,TRENDING
2026-10-07T09:48:00.215933,54692.4,HOLD,BEAR,False,rsi_z_bear,False,54729.48985184738,54805.93764601469,-76.44779416731035,39.78,0.306,-6.84,3.067,7.2962,-1.8746,33.94,0.0621,0.948,TRENDING,flat,54769.7,54696.15,54741.66839464894,-84.6544040646695,75.75,0.1384,TRENDING
2026-10-07T09:49:00.211432,54707.8,HOLD,BEAR,False,rsi_z_bear,False,54727.582814015164,54802.919895674335,-75.33708165917051,43.59,0.948,-1.02,5.066,7.4019,0.0855,33.3,0.0609,0.939,TRENDING,flat,54742.85,54685.15,54740.62521456058,-84.6544040646695,75.75,0.1384,TRENDING
2026-10-07T09:50:00.206407,54730.05,HOLD,BEAR,False,rsi_z_bear,False,54727.87042835692,54799.53572716134,-71.66529880442249,47.7,1.424,6.98,-0.09,8.7429,1.3554,33.01,0.0603,0.937,TRENDING,flat,54734.55,54685.15,54739.8773172136,-84.6544040646695,75.75,0.1384,TRENDING
2026-10-07T09:51:00.200839,54757.75,HOLD,BEAR,False,rsi_z_bear,False,54730.44755571749,54798.13774910904,-67.69019339155057,51.88,1.809,12.15,0.204,11.0026,2.2504,33.63,0.0614,0.961,TRENDING,flat,54730.65,54685.15,54740.38911341073,-92.54777076407481,74.14,0.1355,TRENDING
2026-10-07T09:52:00.200670,54752.6,HOLD,BEAR,False,rsi_z_bear,False,54732.69927302552,54796.88145758647,-64.18218456094473,51.59,1.595,7.98,-4.325,12.0811,1.0661,32.76,0.0598,0.943,TRENDING,flat,54769.05,54687.85,54740.9901195978,-92.54777076407481,74.14,0.1355,TRENDING
2026-10-07T09:53:00.235402,54761.4,HOLD,BEAR,False,rsi_z_bear,False,54735.42051926554,54795.1642222966,-59.74370303105388,52.91,1.561,5.31,1.451,12.8312,0.7585,32.2,0.0588,0.936,TRENDING,flat,54773.0,54701.45,54741.44213208051,-92.54777076407481,74.14,0.1355,TRENDING
2026-10-07T09:54:00.270719,54771.65,HOLD,BEAR,False,rsi_z_bear,False,54739.126722615016,54794.18092455723,-55.054201942213695,55.29,1.625,3.46,1.027,13.6935,0.8668,30.86,0.0563,0.904,TRENDING,flat,54773.0,54727.15,54742.1409202217,-92.54777076407481,74.14,0.1355,TRENDING
2026-10-07T09:55:00.203201,54759.5,HOLD,BEAR,False,rsi_z_bear,False,54741.07251309686,54792.91045042942,-51.83793733256607,52.08,1.125,0.48,-5.461,12.7761,-0.9197,30.96,0.0565,0.917,TRENDING,flat,54774.55,54743.45,54742.819763937754,-92.54777076407481,74.14,0.1355,TRENDING
2026-10-07T09:56:00.204185,54751.4,HOLD,BEAR,False,rsi_z_bear,False,54742.14930532997,54791.07529920411,-48.92599387413793,50.65,0.856,-2.32,1.646,11.238,-1.5316,29.91,0.0546,0.893,TRENDING,flat,54785.95,54743.45,54743.117843593216,-93.02687745567528,73.39,0.134,TRENDING
2026-10-07T09:57:00.211157,54767.1,HOLD,BEAR,False,rsi_z_bear,False,54744.33583554292,54790.14833584584,-45.81250030291994,53.02,1.055,-2.03,4.061,10.6463,-0.5941,28.95,0.0529,0.872,TRENDING,flat,54785.95,54745.35,54743.583769945304,-93.02687745567528,73.39,0.134,TRENDING
2026-10-07T09:58:00.215714,54768.15,HOLD,BEAR,False,rsi_z_bear,False,54746.54432246298,54788.3901111716,-41.845788708618784,53.86,1.009,1.57,-2.049,9.9745,-0.6488,28.39,0.0518,0.861,TRENDING,flat,54785.95,54745.35,54744.37849698949,-93.02687745567528,73.39,0.134,TRENDING
2026-10-07T09:59:00.215108,54768.1,HOLD,BEAR,False,rsi_z_bear,False,54748.60267578721,54788.25856096717,-39.65588517996366,53.89,0.932,3.19,-0.402,9.1901,-0.8019,28.22,0.0515,0.861,TRENDING,flat,54780.6,54745.35,54744.80061971845,-93.02687745567528,73.39,0.134,TRENDING
2026-10-07T10:00:00.283833,54796.55,HOLD,BEAR,False,rsi_z_bear,False,54753.10475356251,54788.84147814014,-35.736724577625864,59.4,1.58,6.31,5.581,10.0602,0.8626,28.57,0.0521,0.881,TRENDING,flat,54780.6,54746.8,54745.72702183708,-93.02687745567528,73.39,0.134,TRENDING
2026-10-07T10:01:00.198664,54857.05,HOLD,BEAR,False,rsi_z_bear,False,54763.01024242596,54791.08223697812,-28.071994552163233,68.52,2.608,14.99,3.501,14.0288,3.9801,31.19,0.0569,0.964,TRENDING,flat,54797.5,54746.8,54748.06691970504,-89.30251709921868,72.03,0.1315,TRENDING
2026-10-07T10:02:00.205634,54790.45,HOLD,BEAR,False,rsi_z_bear,False,54765.61808769402,54790.38922846024,-24.771140766220924,54.23,0.538,0.49,-23.564,11.5367,-2.4745,34.17,0.0624,1.056,TRENDING,flat,54859.1,54746.8,54749.79763319792,-89.30251709921868,72.03,0.1315,TRENDING
2026-10-07T10:03:00.198712,54728.6,HOLD,BEAR,False,macd_bear,False,54762.45638974172,54787.770770955016,-25.314381213298475,45.34,-0.804,-14.11,5.486,5.6659,-5.8617,37.14,0.0679,1.146,TRENDING,flat,54859.1,54763.95,54750.29797614204,-89.30251709921868,72.03,0.1315,TRENDING
2026-10-07T10:04:00.206470,54768.05,HOLD,BEAR,False,rsi_z_bear,False,54762.98659863937,54786.689784060276,-23.703185420905356,50.65,0.0,-17.89,14.234,3.9409,-1.7169,40.07,0.0732,1.227,TRENDING,flat,54859.1,54714.55,54749.84413466345,-89.30251709921868,72.03,0.1315,TRENDING
2026-10-07T10:05:00.204858,54809.8,HOLD,BEAR,False,rsi_z_bear,False,54767.50708590496,54787.061239618044,-19.554153713084816,56.07,0.77,2.01,0.159,5.3259,1.3998,41.07,0.0749,1.246,TRENDING,flat,54857.05,54694.1,54750.40491939436,-89.30251709921868,72.03,0.1315,TRENDING
2026-10-07T10:06:00.462568,54879.15,HOLD,BEAR,False,rsi_z_bear,False,54778.23980445891,54789.560508943214,-11.320704484300222,63.48,1.598,18.08,1.723,10.3102,5.0148,44.2,0.0805,1.321,TRENDING,flat,54810.5,54694.1,54752.164940162875,-96.14372034410917,79.2,0.1445,TRENDING
2026-10-07T10:07:00.457977,54876.4,HOLD,BEAR,False,ema_gap_bear,False,54787.52678965582,54792.97715931513,-5.450369659309217,62.83,1.363,11.94,-7.918,12.5589,2.2477,45.32,0.0826,1.338,SIDEWAYS,flat,54880.3,54694.1,54754.53755294126,-96.14372034410917,79.2,0.1445,TRENDING
2026-10-07T10:08:00.459941,54862.75,HOLD,BEAR,False,ema_gap_bear,False,54794.16030737058,54796.40853878038,-2.2482314098015195,59.76,0.862,3.46,-2.294,12.0484,-0.5346,45.12,0.0823,1.308,SIDEWAYS,flat,54928.3,54756.8,54756.28498704187,-96.14372034410917,79.2,0.1445,TRENDING
2026-10-07T10:09:00.457555,54904.05,HOLD,BEAR,False,ema_gap_bear,False,54804.51485569505,54800.96775220017,3.5471034948786837,64.28,1.486,0.79,7.565,13.8909,1.8323,47.36,0.0863,1.347,SIDEWAYS,flat,54928.3,54795.55,54758.071676984626,-96.14372034410917,79.2,0.1445,TRENDING
2026-10-07T10:10:00.458572,54921.35,HOLD,BEAR,False,ema_gap_bear,False,54815.748506997894,54805.94363493835,9.804872059547051,65.99,1.596,3.3,-2.78,15.4159,1.5194,47.08,0.0857,1.314,TRENDING,flat,54928.3,54836.9,54760.43299740203,-96.14372034410917,79.2,0.1445,TRENDING
2026-10-07T10:11:00.454155,54911.55,HOLD,BEAR,False,ema_gap_bear,False,54823.95132840391,54809.451974573894,14.499353830018663,62.57,0.915,2.81,-5.262,14.0562,-1.353,45.81,0.0834,1.256,TRENDING,flat,54925.0,54836.9,54762.842061183,-92.44102233420563,81.86,0.149,TRENDING
2026-10-07T10:12:00.206165,54948.05,HOLD,BEAR,False,ema_gap_bear,False,54835.744210630066,54815.18508711986,20.55912351020379,66.67,1.439,2.52,7.719,15.1864,1.1221,48.1,0.0875,1.293,TRENDING,flat,54925.0,54836.9,54765.52505643327,-92.44102233420563,81.86,0.149,TRENDING
2026-10-07T10:13:00.204322,54955.7,HOLD,BEAR,False,ema_gap_bear,False,54847.05418255039,54820.05550357108,26.99867897931108,67.34,1.356,1.32,-3.641,15.2603,0.0895,46.73,0.085,1.23,TRENDING,flat,54980.2,54881.3,54768.368034538646,-92.44102233420563,81.86,0.149,TRENDING
2026-10-07T10:14:00.213493,54973.25,HOLD,BEAR,False,ema_gap_bear,False,54858.42409646215,54825.65996909636,32.76412736578641,68.35,1.352,5.88,0.466,14.9844,-0.2723,45.64,0.083,1.181,TRENDING,flat,54980.2,54895.9,54771.46410709769,-92.44102233420563,81.86,0.149,TRENDING
2026-10-07T10:15:00.258551,54967.7,HOLD,BEAR,False,ema_gap_bear,False,54868.49988816127,54830.744466888966,37.755421272304375,67.87,1.166,1.21,-1.492,13.557,-1.4182,45.25,0.0823,1.148,TRENDING,flat,54983.95,54903.95,54774.30971220032,-92.44102233420563,81.86,0.149,TRENDING
2026-10-07T10:16:00.215995,55011.05,HOLD,BEAR,False,ema_gap_bear,False,54882.2760860001,54837.31693502801,44.959150972092175,72.26,1.57,4.86,4.684,14.7136,1.1719,45.9,0.0834,1.14,TRENDING,flat,54983.95,54937.5,54777.66815395924,-80.61208266666654,82.46,0.15,TRENDING
2026-10-07T10:17:00.024266,55113.25,HOLD,BEAR,False,ema_gap_bear,False,54904.208217889165,54848.267256081155,55.94096180800989,78.54,2.054,10.0,1.988,20.6335,5.9157,51.28,0.093,1.24,TRENDING,flat,55018.5,54941.05,54782.13029302839,-80.61208266666654,82.46,0.15,TRENDING
2026-10-07T10:18:00.203367,55135.85,HOLD,BEAR,False,ema_gap_bear,False,54926.401163707735,54860.57590385676,65.82525985097163,79.64,1.881,11.74,-5.038,24.4191,3.7599,51.83,0.094,1.217,TRENDING,flat,55132.25,54941.05,54788.23411033711,-80.61208266666654,82.46,0.15,TRENDING
2026-10-07T10:19:00.453667,55258.5,HOLD,BEAR,False,ema_gap_bear,False,54957.79359180815,54875.75465896651,82.03893284164224,84.33,2.036,12.08,3.401,32.5862,8.1758,57.77,0.1045,1.318,TRENDING,flat,55171.05,54965.15,54794.769960289545,-80.61208266666654,82.46,0.15,TRENDING
2026-10-07T10:20:00.205656,55138.15,HOLD,BEAR,False,ema_gap_bear,False,54975.694202112136,54886.34271155606,89.35149055607326,68.7,0.346,-9.79,-20.24,28.3995,-4.1867,63.04,0.1143,1.384,TRENDING,flat,55259.05,55011.05,54800.998819832836,-80.61208266666654,82.46,0.15,TRENDING
2026-10-07T10:21:00.210560,55187.1,HOLD,BEAR,False,ema_gap_bear,False,54995.447135244314,54897.980252279354,97.46688296495995,70.68,0.543,-9.02,17.602,26.0417,-2.3578,63.16,0.1145,1.339,TRENDING,flat,55272.75,55113.25,54807.213657267734,-67.8792277493194,98.78,0.1791,TRENDING
2026-10-07T10:22:00.228580,55210.8,HOLD,BEAR,False,ema_gap_bear,False,55015.98550331628,54910.25945807232,105.72604524395865,72.11,0.618,-12.22,-0.556,24.2977,-1.744,63.05,0.1142,1.297,TRENDING,flat,55272.75,55122.45,54813.94983681941,-67.8792277493194,98.78,0.1791,TRENDING
2026-10-07T10:23:00.208632,55131.8,HOLD,BEAR,False,ema_gap_bear,False,55027.45831252426,54919.12967540282,108.32863712143444,63.28,-0.512,-5.43,-10.256,16.4236,-7.8741,64.37,0.1167,1.287,TRENDING,flat,55272.75,55138.15,54819.98726284298,-67.8792277493194,98.78,0.1791,TRENDING
2026-10-07T10:24:00.202732,55099.6,HOLD,BEAR,False,ema_gap_bear,False,55034.214663712424,54926.15988421056,108.05477950186469,59.29,-1.19,-11.39,4.845,7.4183,-9.0053,63.53,0.1153,1.241,TRENDING,flat,55244.75,55132.4,54824.7871297425,-67.8792277493194,98.78,0.1791,TRENDING
2026-10-07T10:25:00.218396,55106.9,HOLD,BEAR,False,ema_gap_bear,False,55041.04183859695,54933.2085162023,107.8333223946538,59.83,-1.183,-12.28,4.523,1.0661,-6.3522,61.41,0.1114,1.176,TRENDING,flat,55244.75,55083.8,54829.605243670245,-67.8792277493194,98.78,0.1791,TRENDING
2026-10-07T10:26:00.200247,55172.45,HOLD,BEAR,False,ema_gap_bear,False,55053.73785396867,54942.665044978676,111.07280898999306,64.44,-0.517,1.16,4.074,0.5971,-0.469,63.92,0.1159,1.201,TRENDING,flat,55213.9,55083.8,54834.91620656168,-61.58624662679358,103.82,0.1884,TRENDING
2026-10-07T10:27:00.203416,55197.65,HOLD,BEAR,False,ema_gap_bear,False,55067.35329644784,54952.62720007755,114.72609637029382,65.82,-0.341,6.53,-3.232,0.8967,0.2996,62.37,0.113,1.153,TRENDING,flat,55202.45,55083.8,54840.58964587879,-61.58624662679358,103.82,0.1884,TRENDING
2026-10-07T10:28:00.201077,55207.1,HOLD,BEAR,False,ema_gap_bear,False,55080.71488726234,54962.62809419216,118.08679307017883,66.51,-0.301,6.68,-0.694,0.9329,0.0361,61.05,0.1106,1.113,TRENDING,flat,55202.8,55092.7,54846.383121852974,-61.58624662679358,103.82,0.1884,TRENDING
2026-10-07T10:29:00.223625,55207.65,HOLD,BEAR,False,ema_gap_bear,False,55092.75156466592,54972.215227753244,120.53633691267896,66.43,-0.333,1.99,-0.758,0.0659,-0.8669,59.11,0.1071,1.066,TRENDING,flat,55217.2,55106.9,54851.71511412502,-61.58624662679358,103.82,0.1884,TRENDING
2026-10-07T10:30:00.264785,55248.95,HOLD,BEAR,False,ema_gap_bear,False,55107.422844221546,54982.98325803743,124.43958618411853,69.04,0.053,3.22,2.681,1.2469,1.181,59.3,0.1073,1.057,TRENDING,flat,55229.25,55160.5,54857.03821188593,-61.58624662679358,103.82,0.1884,TRENDING
2026-10-07T10:31:00.197290,55223.8,HOLD,BEAR,False,ema_gap_bear,False,55118.563525724254,54992.45058125164,126.11294447261025,65.93,-0.473,-0.58,-5.722,-0.3163,-1.5632,58.0,0.105,1.023,TRENDING,flat,55266.55,55173.35,54862.33767136511,-44.440021283662645,107.54,0.1947,TRENDING
2026-10-07T10:32:00.200725,55247.95,HOLD,BEAR,False,ema_gap_bear,False,55130.61461851242,55002.35840159472,128.25621691770357,67.75,-0.305,0.88,4.524,-0.7663,-0.45,57.96,0.1049,1.013,TRENDING,flat,55266.55,55195.35,54867.459202083766,-44.440021283662645,107.54,0.1947,TRENDING
2026-10-07T10:33:00.221133,55252.7,HOLD,BEAR,False,ema_gap_bear,False,55141.767619543956,55017.4482825765,124.31933696745546,66.57,-0.044,-1.38,-1.328,-1.5434,-0.9214,56.1,0.1015,0.96,TRENDING,flat,55277.65,55204.8,54872.457295975975,-44.440021283662645,107.54,0.1947,TRENDING
2026-10-07T10:34:00.462506,55209.0,HOLD,BEAR,False,ema_gap_bear,False,55148.022248421126,55018.41395252698,129.6082958941479,60.59,-0.965,-3.93,-5.745,-5.5019,-3.7873,56.14,0.1017,0.967,TRENDING,flat,55277.65,55220.2,54876.54193778277,-44.440021283662645,107.54,0.1947,TRENDING
2026-10-07T10:35:00.460629,55145.65,HOLD,BEAR,False,ema_gap_bear,False,55147.16007155594,55014.08206142139,133.07801013455173,53.25,-2.0,-14.27,-2.761,-12.9552,-7.2141,58.21,0.1056,0.97,TRENDING,flat,55277.65,55200.2,54879.83581147347,-44.440021283662645,107.54,0.1947,TRENDING
2026-10-07T10:36:00.460345,55130.2,HOLD,BEAR,False,ema_gap_bear,False,55145.54351038612,55018.47476406556,127.06874632055406,52.3,-1.831,-15.51,7.501,-18.1793,-5.2198,56.92,0.1032,0.957,TRENDING,flat,55262.3,55133.1,54882.841934408425,-33.15931994836865,109.55,0.1987,TRENDING
2026-10-07T10:37:00.461167,55067.2,HOLD,BEAR,False,ema_gap_bear,False,55138.50111126393,55021.69911428971,116.80199697422358,46.04,-2.189,-15.93,-5.146,-24.943,-6.7938,57.46,0.1043,0.961,TRENDING,flat,55262.3,55124.6,54885.33626686663,-33.15931994836865,109.55,0.1987,TRENDING
2026-10-07T10:38:00.456035,55068.7,HOLD,BEAR,False,ema_gap_bear,False,55131.5616005088,55024.42311647354,107.13848403526208,45.47,-1.983,-7.92,5.647,-28.918,-4.0014,56.24,0.1021,0.939,TRENDING,flat,55209.85,55070.2,54887.18042601169,-33.15931994836865,109.55,0.1987,TRENDING
2026-10-07T10:39:00.222641,55106.25,HOLD,BEAR,False,ema_gap_bear,False,55129.156190231944,55028.85036019106,100.30583004088112,49.72,-1.422,-1.99,5.316,-27.8886,0.9973,55.85,0.1013,0.933,TRENDING,flat,55171.05,55031.85,54889.383398896236,-33.15931994836865,109.55,0.1987,TRENDING
2026-10-07T10:40:00.228706,55094.85,HOLD,BEAR,False,ema_gap_bear,False,55125.93397075023,55028.24100404278,97.69296670745098,48.98,-1.404,2.94,-5.91,-27.0946,0.8789,54.63,0.0992,0.916,TRENDING,flat,55134.65,55031.85,54891.64024517783,-33.15931994836865,109.55,0.1987,TRENDING
2026-10-07T10:41:00.212692,55102.75,HOLD,SIDEWAYS,False,5m_sideways,False,55123.73690020142,55031.918665252546,91.81823494887067,49.84,-1.178,4.4,2.061,-25.1241,1.9506,52.91,0.096,0.9,TRENDING,flat,55119.25,55031.85,54893.8470674487,-20.11528545634792,111.95,0.2032,SIDEWAYS
2026-10-07T10:42:00.206016,55154.9,HOLD,SIDEWAYS,False,5m_sideways,False,55126.69106521085,55037.381462061465,89.3096031493842,55.6,-0.413,5.57,5.011,-19.6773,5.4298,53.23,0.0965,0.912,TRENDING,flat,55124.2,55068.7,54896.26959528692,-20.11528545634792,111.95,0.2032,SIDEWAYS
2026-10-07T10:43:00.255604,55179.25,HOLD,SIDEWAYS,False,5m_sideways,False,55132.01282656326,55042.721826825225,89.29099973803386,58.56,-0.05,9.52,-3.05,-13.8461,5.8405,52.14,0.0945,0.905,TRENDING,flat,55159.75,55081.8,54898.97866801901,-20.11528545634792,111.95,0.2032,SIDEWAYS
2026-10-07T10:44:00.210624,55166.6,HOLD,SIDEWAYS,False,5m_sideways,False,55135.167754729366,55048.56207726501,86.60567746435845,55.93,-0.306,6.31,-5.221,-10.8983,2.9204,50.65,0.0918,0.886,TRENDING,flat,55182.6,55091.65,54901.662329875115,-20.11528545634792,111.95,0.2032,SIDEWAYS
2026-10-07T10:45:00.215435,55202.25,HOLD,SIDEWAYS,False,5m_sideways,False,55141.41619216187,55053.676474381326,87.73971778054693,59.6,0.149,4.07,6.057,-6.5513,4.3695,49.94,0.0905,0.884,TRENDING,flat,55182.6,55102.7,54904.6475989403,-20.11528545634792,111.95,0.2032,SIDEWAYS
2026-10-07T10:46:00.201089,55166.65,HOLD,SIDEWAYS,False,5m_sideways,False,55143.96589473186,55057.44837065131,86.51752408054745,55.19,-0.366,-3.25,-8.149,-5.8714,0.6989,48.91,0.0887,0.877,TRENDING,flat,55203.9,55143.8,54907.77289074444,-9.995446303983044,112.26,0.2034,SIDEWAYS
2026-10-07T10:47:00.201679,55171.45,HOLD,SIDEWAYS,False,5m_sideways,False,55146.7585360446,55061.85915116442,84.89938488018379,55.74,-0.238,-0.29,5.052,-5.0979,0.777,47.32,0.0858,0.861,TRENDING,flat,55203.9,55152.4,54910.875790353944,-9.995446303983044,112.26,0.2034,SIDEWAYS
2026-10-07T10:48:00.211197,55167.65,HOLD,SIDEWAYS,False,5m_sideways,False,55149.61344971631,55066.19150919869,83.42194051761908,56.11,-0.119,-3.53,-0.156,-4.4077,0.6948,46.07,0.0835,0.85,TRENDING,flat,55203.9,55162.7,54913.57222073972,-9.995446303983044,112.26,0.2034,SIDEWAYS
2026-10-07T10:49:00.206831,55177.85,HOLD,SIDEWAYS,False,5m_sideways,False,55152.47095784944,55070.25989779028,82.21106005915499,56.45,-0.001,1.31,-0.044,-3.8353,0.5824,44.84,0.0813,0.837,TRENDING,flat,55202.25,55146.9,54916.43165910057,-9.995446303983044,112.26,0.2034,SIDEWAYS
2026-10-07T10:50:00.205477,55156.8,HOLD,SIDEWAYS,False,5m_sideways,False,55153.14559891222,55073.23578589955,79.90981301266584,53.57,-0.41,-2.48,-3.575,-4.8231,-0.974,44.13,0.08,0.836,TRENDING,flat,55193.6,55146.9,54919.564383276076,-9.995446303983044,112.26,0.2034,SIDEWAYS
2026-10-07T10:51:00.210425,55168.2,HOLD,SIDEWAYS,False,5m_sideways,False,55154.56247964077,55078.95894093186,75.60353870891413,54.28,-0.108,-1.7,4.36,-4.8561,-0.0859,42.08,0.0763,0.807,TRENDING,flat,55189.8,55146.9,54922.56908341927,3.141374161816202,108.46,0.1966,SIDEWAYS
2026-10-07T10:52:00.303133,55169.6,HOLD,SIDEWAYS,False,5m_sideways,False,55156.41987693519,55081.703861958136,74.71601497705706,55.3,0.153,-1.16,-0.247,-4.5158,0.3663,40.07,0.0726,0.784,TRENDING,flat,55189.8,55152.6,54925.54740576851,3.141374161816202,108.46,0.1966,SIDEWAYS
2026-10-07T10:53:00.228378,55155.2,HOLD,SIDEWAYS,False,5m_sideways,False,55156.272111016566,55084.20555819874,72.06655281782878,51.87,-0.418,-1.33,-4.296,-5.5157,-0.9902,39.67,0.0719,0.789,TRENDING,flat,55187.45,55152.6,54928.47157503275,3.141374161816202,108.46,0.1966,SIDEWAYS
2026-10-07T10:54:00.202063,55153.5,HOLD,SIDEWAYS,False,5m_sideways,False,55156.003368573154,55086.34441096368,69.65895760947751,51.59,-0.392,-2.73,3.137,-6.1672,-0.6362,37.99,0.0689,0.768,TRENDING,flat,55183.2,55148.6,54931.150409673304,3.141374161816202,108.46,0.1966,SIDEWAYS
2026-10-07T10:55:00.209052,55215.6,HOLD,SIDEWAYS,False,5m_sideways,False,55161.60620686726,55090.60758070982,70.99862615744496,60.64,1.663,5.25,9.156,-2.5461,3.6415,39.74,0.072,0.819,TRENDING,flat,55183.2,55143.6,54933.93238616834,3.141374161816202,108.46,0.1966,SIDEWAYS
2026-10-07T10:56:00.202633,55208.9,HOLD,SIDEWAYS,False,5m_sideways,False,55166.11044428787,55095.254648075694,70.85579621217767,59.41,1.251,7.51,-10.063,-0.7106,1.8353,39.05,0.0707,0.822,TRENDING,flat,55216.0,55143.6,54936.74977879349,13.467099675537611,105.46,0.191,SIDEWAYS
2026-10-07T10:57:00.200931,55226.45,HOLD,SIDEWAYS,False,5m_sideways,False,55171.85395293801,55100.01859984858,71.83535308942373,61.79,1.634,10.04,3.448,1.3917,2.1123,38.22,0.0692,0.82,TRENDING,flat,55227.35,55143.6,54939.63675585938,13.467099675537611,105.46,0.191,SIDEWAYS
2026-10-07T10:58:00.203503,55232.95,HOLD,SIDEWAYS,False,5m_sideways,False,55177.801545407165,55105.32731916164,72.47422624552564,62.39,1.793,2.18,-1.283,2.9452,1.5524,38.15,0.0691,0.835,TRENDING,flat,55235.45,55153.5,54942.45631762084,13.467099675537611,105.46,0.191,SIDEWAYS
2026-10-07T10:59:00.201322,55258.55,HOLD,SIDEWAYS,False,5m_sideways,False,55185.51881981155,55109.40813404652,76.11068576503021,65.86,2.151,6.38,2.056,5.0866,2.1925,38.63,0.0699,0.857,TRENDING,flat,55255.1,55196.4,54945.37094703071,13.467099675537611,105.46,0.191,SIDEWAYS
2026-10-07T11:00:00.543055,55300.45,HOLD,SIDEWAYS,False,5m_sideways,False,55196.49676353886,55116.76497885477,79.73178468408878,70.52,2.572,8.44,1.38,8.6389,3.5562,38.92,0.0704,0.883,TRENDING,flat,55275.3,55208.35,54948.254100163904,13.467099675537611,105.46,0.191,SIDEWAYS
2026-10-07T11:01:00.470542,55266.95,HOLD,BULL,False,rsi_slope_bull,False,55202.420574594296,55124.034420610755,78.38615398354159,61.75,0.691,-1.3,-13.165,7.5213,-1.1625,39.86,0.0721,0.914,TRENDING,flat,55301.65,55217.55,54951.07656300772,26.870436056728067,104.92,0.1897,TRENDING
2026-10-07T11:02:00.457967,55269.35,HOLD,BULL,False,rsi_slope_bull,False,55208.61243018007,55131.22542835536,77.38700182470347,62.72,0.843,-3.29,9.791,6.7402,-0.8225,39.06,0.0707,0.911,TRENDING,flat,55309.6,55232.1,54953.61198904448,26.870436056728067,104.92,0.1897,TRENDING
2026-10-07T11:03:00.458047,55282.85,HOLD,BULL,False,rsi_slope_bull,False,55215.5007460918,55138.13816303452,77.36258305727824,64.05,1.117,-6.06,0.576,6.4925,-0.2752,39.58,0.0716,0.939,TRENDING,flat,55309.6,55243.4,54956.40087659236,26.870436056728067,104.92,0.1897,TRENDING
2026-10-07T11:04:00.454888,55292.1,HOLD,BULL,False,macd_bull,False,55222.79878899551,55143.366944707595,79.43184428791574,65.46,1.238,4.0,-0.274,6.4011,-0.07,38.18,0.0691,0.92,TRENDING,flat,55313.95,55243.4,54959.08816057613,26.870436056728067,104.92,0.1897,TRENDING
2026-10-07T11:05:00.208697,55290.1,HOLD,BULL,False,macd_bull,False,55229.33787933901,55148.70140707521,80.63647226379544,65.14,1.119,2.81,-1.508,5.6671,-0.7215,39.76,0.0719,0.971,TRENDING,flat,55313.95,55243.4,54961.77022055526,26.870436056728067,104.92,0.1897,TRENDING
2026-10-07T11:06:00.209741,55292.95,HOLD,BULL,False,macd_bull,False,55235.50076525707,55153.21959944567,82.28116581140057,65.7,1.059,1.53,0.51,4.7465,-0.8894,38.82,0.0702,0.958,TRENDING,flat,55324.15,55263.55,54964.310793226425,40.63692140521016,103.18,0.1866,TRENDING
2026-10-07T11:07:00.207402,55320.05,HOLD,BULL,False,macd_bull,False,55243.51720744414,55159.43858203619,84.07862540795031,69.11,1.471,3.39,2.864,5.24,0.5016,38.51,0.0696,0.963,TRENDING,flat,55324.15,55263.55,54966.977796198094,40.63692140521016,103.18,0.1866,TRENDING
2026-10-07T11:08:00.199226,55323.6,HOLD,BULL,False,macd_bull,False,55250.960428453334,55166.624973005215,84.33545544811932,69.34,1.348,3.78,-2.977,5.0856,-0.1761,37.98,0.0687,0.959,TRENDING,flat,55324.15,55263.55,54969.79459210527,40.63692140521016,103.18,0.1866,TRENDING
2026-10-07T11:09:00.199303,55317.05,HOLD,BULL,False,macd_bull,False,55257.404611649494,55173.44864444845,83.95596720104368,68.47,1.077,2.55,-1.115,4.1887,-0.9197,36.94,0.0668,0.941,TRENDING,flat,55337.8,55268.7,54972.51223020013,40.63692140521016,103.18,0.1866,TRENDING
2026-10-07T11:10:00.223391,55310.65,HOLD,BULL,False,rsi_slope_bull,False,55262.70749137503,55179.909308309245,82.79818306578818,66.65,0.716,-2.33,-0.787,2.7073,-1.5074,36.24,0.0655,0.931,TRENDING,flat,55337.8,55285.65,54975.151515543985,40.63692140521016,103.18,0.1866,TRENDING
2026-10-07T11:11:00.453121,55285.65,HOLD,BULL,False,rsi_z_bull,False,55265.03982799832,55184.08215332486,80.95767467346013,59.43,-0.664,-9.84,-5.604,-0.3876,-3.0939,36.29,0.0656,0.942,TRENDING,flat,55337.8,55295.85,54977.826026634684,53.32627102675178,100.79,0.1822,TRENDING
2026-10-07T11:12:00.203407,55297.95,HOLD,BULL,False,rsi_z_bull,False,55268.62416506109,55189.027272686704,79.59689237438579,62.13,-0.246,-6.28,9.934,-1.6731,-1.2934,35.28,0.0638,0.921,TRENDING,flat,55324.95,55287.2,54980.50533970273,53.32627102675178,100.79,0.1822,TRENDING
2026-10-07T11:13:00.230363,55273.75,HOLD,BULL,False,rsi_z_bull,False,55269.27383132987,55192.94615825561,76.3276730742582,55.02,-1.7,-11.42,-9.537,-4.478,-2.8188,36.01,0.0651,0.946,TRENDING,flat,55324.95,55285.65,54983.32761341634,53.32627102675178,100.79,0.1822,TRENDING
2026-10-07T11:14:00.204012,55276.5,HOLD,BULL,False,rsi_z_bull,False,55270.12377272796,55195.68838373919,74.43538898877159,55.64,-1.837,-3.65,7.433,-6.1881,-1.6942,34.54,0.0625,0.909,TRENDING,flat,55324.95,55270.95,54985.956211154145,53.32627102675178,100.79,0.1822,TRENDING
2026-10-07T11:15:00.211695,55284.15,HOLD,BULL,False,rsi_z_bull,False,55271.48579272857,55198.87790603246,72.60788669611065,57.06,-1.455,-5.1,0.689,-6.8686,-0.6729,33.41,0.0604,0.889,TRENDING,flat,55316.9,55270.95,54988.5450907436,53.32627102675178,100.79,0.1822,TRENDING
2026-10-07T11:16:00.213497,55269.75,HOLD,BULL,False,rsi_z_bull,False,55271.4770921127,55202.23740804099,69.23968407170469,53.55,-1.948,-1.63,-4.675,-8.0699,-1.2148,32.69,0.0591,0.877,TRENDING,flat,55316.9,55266.1,54991.365148599834,63.59070292715478,98.23,0.1777,TRENDING
2026-10-07T11:17:00.214712,55286.65,HOLD,BULL,False,rsi_z_bull,False,55272.81344022536,55205.60446975476,67.20897047060134,56.57,-1.224,0.86,6.471,-7.8001,0.2671,31.79,0.0575,0.859,TRENDING,flat,55289.6,55266.1,54994.10705047623,63.59070292715478,98.23,0.1777,TRENDING
2026-10-07T11:18:00.210753,55292.1,HOLD,BULL,False,rsi_z_bull,False,55274.36470777143,55208.89917668001,65.46553109141678,57.56,-1.006,0.34,-2.251,-7.2731,0.5265,31.11,0.0563,0.848,TRENDING,flat,55289.6,55266.1,54996.97396899965,63.59070292715478,98.23,0.1777,TRENDING
2026-10-07T11:19:00.201630,55303.0,HOLD,BULL,False,rsi_z_bull,False,55276.80112560098,55213.596544156775,63.20458144420263,60.1,-0.54,5.94,1.487,-6.1112,1.1322,30.42,0.055,0.838,TRENDING,flat,55303.15,55266.2,54999.87113112982,63.59070292715478,98.23,0.1777,TRENDING
2026-10-07T11:20:00.263072,55284.2,HOLD,BULL,False,rsi_z_bull,False,55277.89763589509,55219.015905261076,58.881730634013365,55.28,-1.024,-0.37,-5.751,-6.0183,0.0271,30.41,0.055,0.843,TRENDING,flat,55308.95,55267.15,55002.27200528523,63.59070292715478,98.23,0.1777,TRENDING
2026-10-07T11:21:00.199675,55286.35,HOLD,BULL,False,rsi_z_bull,False,55278.580396491,55218.89760258892,59.68279390208045,54.56,-1.111,-1.97,2.635,-6.1633,-0.0735,30.74,0.0556,0.863,TRENDING,flat,55308.95,55278.05,55004.51173122054,69.7164838818062,94.0,0.17,TRENDING
2026-10-07T11:22:00.203171,55289.25,HOLD,BULL,False,rsi_z_bull,False,55279.38198375291,55219.21292890239,60.169054850521206,56.14,-0.974,-3.91,1.322,-6.0431,0.1823,29.99,0.0542,0.853,TRENDING,flat,55308.95,55261.9,55006.812660585885,69.7164838818062,94.0,0.17,TRENDING
2026-10-07T11:23:00.200256,55294.7,HOLD,BULL,False,rsi_z_bull,False,55281.11937210883,55223.733525416326,57.38584669250122,58.8,-0.451,2.23,2.115,-5.1279,0.877,28.77,0.052,0.831,TRENDING,flat,55307.25,55261.9,55009.10434263697,69.7164838818062,94.0,0.17,TRENDING
2026-10-07T11:24:00.212362,55309.15,HOLD,BULL,False,rsi_z_bull,False,55283.88405372514,55228.84614167377,55.03791205136804,62.0,0.11,5.95,0.364,-3.6653,1.4171,27.9,0.0504,0.822,TRENDING,flat,55304.4,55261.9,55011.43943016443,69.7164838818062,94.0,0.17,TRENDING
2026-10-07T11:25:00.456706,55326.8,HOLD,BULL,False,macd_bull,False,55287.79930808412,55235.451065146946,52.34824293717247,64.53,0.841,8.95,0.24,-1.7604,1.8301,27.86,0.0504,0.831,TRENDING,flat,55311.65,55284.3,55013.82686462499,69.7164838818062,94.0,0.17,TRENDING
2026-10-07T11:26:00.462874,55318.15,HOLD,BULL,False,macd_bull,False,55290.69309587819,55238.510732522736,52.18236335545225,61.82,0.438,3.82,-5.763,-1.1236,0.6417,27.06,0.0489,0.826,TRENDING,flat,55330.1,55284.6,55015.899821193176,75.71163941277337,92.33,0.1669,TRENDING
2026-10-07T11:27:00.454956,55323.0,HOLD,BULL,False,macd_bull,False,55293.69230057308,55241.03473462787,52.65756594520644,63.49,0.619,1.62,3.431,-0.6001,0.5435,25.91,0.0468,0.809,TRENDING,flat,55330.1,55294.1,55017.952424752155,75.71163941277337,92.33,0.1669,TRENDING
2026-10-07T11:28:00.453713,55294.4,HOLD,BULL,False,rsi_z_bull,False,55293.655898186145,55244.942545657395,48.713352528749965,52.95,-1.447,-11.84,-11.232,-2.2163,-1.6653,26.88,0.0486,0.849,TRENDING,flat,55330.1,55303.95,55019.91418755791,75.71163941277337,92.33,0.1669,TRENDING
2026-10-07T11:29:00.456722,55312.1,HOLD,BULL,False,rsi_z_bull,False,55295.28091538726,55248.317906880955,46.963008506303595,56.99,-0.233,-4.7,14.717,-2.178,0.0174,27.21,0.0492,0.878,TRENDING,flat,55329.75,55289.5,55021.83748385892,75.71163941277337,92.33,0.1669,TRENDING
2026-10-07T11:30:00.215012,55294.0,HOLD,BULL,False,rsi_z_bull,False,55295.256837467496,55249.315192888746,45.94164457875013,52.93,-1.625,-10.65,-9.22,-3.2304,-1.0304,27.54,0.0498,0.904,TRENDING,flat,55327.8,55289.5,55023.64316032526,75.71163941277337,92.33,0.1669,TRENDING
2026-10-07T11:31:00.200687,55275.15,HOLD,BULL,False,rsi_z_bull,False,55293.42384584223,55252.22392317352,41.199922668711224,47.22,-2.376,-5.57,-0.474,-5.0479,-1.8666,28.19,0.051,0.929,TRENDING,flat,55327.8,55286.85,55025.39175588061,86.77940144971944,89.59,0.162,TRENDING
2026-10-07T11:32:00.210876,55229.05,HOLD,BULL,False,rsi_z_bull,False,55287.271459823365,55251.582402670196,35.689057153169415,37.4,-3.132,-19.97,-4.608,-9.0942,-4.0536,30.13,0.0546,1.012,TRENDING,flat,55324.95,55272.3,55026.91487899265,86.77940144971944,89.59,0.162,TRENDING
2026-10-07T11:33:00.200150,55245.45,HOLD,BULL,False,rsi_z_bull,False,55283.27814337613,55251.82089719655,31.457246179576032,41.84,-1.977,-10.54,14.47,-10.2175,-1.1361,30.52,0.0552,1.033,TRENDING,flat,55319.35,55226.75,55028.184444524064,86.77940144971944,89.59,0.162,TRENDING
2026-10-07T11:34:00.203040,55250.05,HOLD,BULL,False,rsi_z_bull,False,55280.47949185266,55251.81279205421,28.66669979845028,44.66,-1.496,-3.15,-2.256,-9.9478,0.2721,29.62,0.0536,1.009,TRENDING,flat,55307.1,55210.35,55029.59764668047,86.77940144971944,89.59,0.162,TRENDING
2026-10-07T11:35:00.237742,55253.9,HOLD,BULL,False,rsi_z_bull,False,55277.8406137761,55253.83812148388,24.00249229221663,44.92,-1.394,6.35,-2.496,-9.368,0.5273,29.34,0.0531,1.004,TRENDING,flat,55283.9,55210.35,55031.07036537758,86.77940144971944,89.59,0.162,TRENDING
2026-10-07T11:36:00.213954,55251.7,HOLD,BULL,False,rsi_z_bull,False,55275.38413794303,55257.80227061906,17.581867323970073,43.84,-1.252,1.79,0.074,-8.5603,0.7012,28.49,0.0516,0.969,TRENDING,flat,55260.4,55210.35,55032.66182602544,85.41936677027843,89.33,0.1617,TRENDING
2026-10-07T11:37:00.209953,55280.6,HOLD,BULL,False,rsi_z_bull,False,55275.889084176,55259.69862158862,16.190462587379443,52.61,-0.333,7.1,7.802,-5.8358,2.6982,29.36,0.0531,1.017,TRENDING,flat,55260.4,55235.2,55034.41576978191,85.41936677027843,89.33,0.1617,TRENDING
2026-10-07T11:38:00.209156,55289.6,HOLD,BULL,False,macd_bull,False,55277.27736390978,55265.73342982651,11.543934083267231,52.55,0.406,10.1,-5.676,-3.136,2.5723,28.87,0.0522,0.989,TRENDING,flat,55292.7,55235.2,55036.312729070945,85.41936677027843,89.33,0.1617,TRENDING
2026-10-07T11:39:00.015881,55308.35,HOLD,BULL,False,macd_bull,False,55280.28562156754,55262.94580926619,17.33981230135396,58.47,0.617,14.42,2.018,-0.2512,3.003,28.78,0.052,0.991,TRENDING,flat,55298.9,55245.15,55038.155727084515,85.41936677027843,89.33,0.1617,TRENDING
2026-10-07T11:40:00.248196,55287.1,HOLD,BULL,False,rsi_z_bull,False,55280.90419899891,55265.39720408819,15.506994910720096,52.19,-0.126,0.38,-10.507,0.2286,0.4397,28.92,0.0523,1.013,TRENDING,flat,55309.65,55249.65,55040.25640705637,85.41936677027843,89.33,0.1617,TRENDING
2026-10-07T11:41:00.208494,55295.05,HOLD,BULL,False,rsi_z_bull,False,55282.19884382866,55267.675423359695,14.523420468962286,52.96,0.346,0.2,7.841,1.0048,0.7462,28.07,0.0508,0.989,TRENDING,flat,55319.9,55279.25,55042.22929894147,87.15043129240075,88.03,0.1592,TRENDING
2026-10-07T11:42:00.212070,55282.85,HOLD,BULL,False,rsi_z_bull,False,55282.23598305945,55265.228904607575,17.007078451875714,50.32,-0.149,-7.33,-4.871,0.5973,-0.3274,27.43,0.0496,0.966,TRENDING,flat,55319.9,55278.35,55044.21798775325,87.15043129240075,88.03,0.1592,TRENDING
2026-10-07T11:43:00.198586,55266.55,HOLD,BULL,False,rsi_z_bull,False,55280.67701954524,55263.70880355964,16.968215985602,46.61,-0.698,-5.48,-1.109,-0.7672,-1.3238,27.57,0.0499,0.979,TRENDING,flat,55319.9,55278.35,55046.06093515301,87.15043129240075,88.03,0.1592,TRENDING
2026-10-07T11:44:00.202747,55253.5,HOLD,BULL,False,rsi_z_bull,False,55278.30075500636,55263.70031891912,14.600436087246635,44.88,-0.975,-9.71,1.794,-2.2209,-1.4617,27.06,0.049,0.965,TRENDING,flat,55298.5,55256.9,55047.756947984955,87.15043129240075,88.03,0.1592,TRENDING
2026-10-07T11:45:00.217279,55255.8,HOLD,BULL,False,rsi_z_bull,False,55275.93301652526,55266.077524063425,9.855492461836548,43.74,-0.931,-7.2,1.82,-3.1213,-0.9738,26.78,0.0485,0.945,TRENDING,flat,55298.5,55247.85,55049.16459593597,87.15043129240075,88.03,0.1592,TRENDING
2026-10-07T11:46:00.203699,55261.25,HOLD,BULL,False,rsi_z_bull,False,55274.68017693457,55266.85571867953,7.824458255039644,46.51,-0.426,-0.08,3.506,-2.9394,0.158,26.02,0.0471,0.93,TRENDING,flat,55287.55,55240.2,55050.599802461504,87.38287473535456,85.96,0.1556,TRENDING
2026-10-07T11:47:00.203937,55262.05,HOLD,BULL,False,rsi_z_bull,False,55274.4190470508,55267.49968932074,6.919357730053889,49.12,0.148,5.1,-0.181,-2.0807,0.8469,27.06,0.049,0.965,TRENDING,flat,55268.8,55240.2,55052.155451596795,87.38287473535456,85.96,0.1556,TRENDING
2026-10-07T11:48:00.200219,55261.3,HOLD,BULL,False,rsi_z_bull,False,55273.102764055,55267.20670362256,5.896060432438389,46.48,-0.445,2.45,-5.823,-2.1499,-0.0686,26.34,0.0477,0.941,TRENDING,flat,55301.5,55240.2,55053.59926390009,87.38287473535456,85.96,0.1556,TRENDING
2026-10-07T11:49:00.459021,55244.75,HOLD,BULL,False,ema_gap_bull,False,55270.37287291213,55267.92597054186,2.4469023702695267,41.63,-0.975,-4.42,-1.003,-3.0634,-0.9561,26.27,0.0476,0.934,SIDEWAYS,flat,55301.5,55247.1,55054.81853185997,87.38287473535456,85.96,0.1556,TRENDING
2026-10-07T11:50:00.476456,55251.55,HOLD,BULL,False,ema_gap_bull,False,55268.2632301806,55266.243640857494,2.0195893231066293,43.47,-0.74,-5.93,5.479,-3.2433,-0.1559,25.77,0.0466,0.924,SIDEWAYS,flat,55301.5,55242.75,55055.91078990054,87.38287473535456,85.96,0.1556,TRENDING
2026-10-07T11:51:00.455013,55246.55,HOLD,BULL,False,ema_gap_bull,False,55266.25934422129,55266.33828822878,-0.07894400748773478,42.9,-0.701,-3.09,-1.658,-3.1915,0.0297,25.12,0.0455,0.902,SIDEWAYS,flat,55275.5,55234.2,55057.00470431761,84.8295617446056,84.72,0.1533,TRENDING
2026-10-07T11:52:00.476092,55232.25,HOLD,BULL,False,ema_gap_bull,False,55263.27821835967,55265.19497630992,-1.9167579502463923,39.25,-1.356,-2.12,-2.867,-3.7417,-0.5525,24.44,0.0442,0.892,SIDEWAYS,flat,55267.05,55234.2,55058.06442174466,84.8295617446056,84.72,0.1533,TRENDING
2026-10-07T11:53:00.469096,55220.8,HOLD,BULL,False,ema_gap_bull,False,55259.17673732146,55261.837115931055,-2.6603786095947726,35.56,-1.861,-6.81,-0.278,-4.8136,-1.0299,24.2,0.0438,0.887,SIDEWAYS,flat,55258.1,55233.7,55058.977140978604,84.8295617446056,84.72,0.1533,TRENDING
2026-10-07T11:54:00.210246,55218.1,HOLD,BULL,False,ema_gap_bull,False,55255.26097175073,55257.34894465693,-2.087972906199866,35.63,-1.753,-7.21,3.03,-5.3467,-0.4599,23.75,0.043,0.877,SIDEWAYS,flat,55258.1,55215.1,55059.909224040835,84.8295617446056,84.72,0.1533,TRENDING
2026-10-07T11:55:00.206728,55242.1,HOLD,BULL,False,ema_gap_bull,False,55253.69960161549,55256.23634367998,-2.5367420644906815,43.16,-0.319,4.15,8.481,-3.9807,1.3762,24.01,0.0435,0.902,SIDEWAYS,flat,55250.4,55214.25,55060.82855749836,84.8295617446056,84.72,0.1533,TRENDING
2026-10-07T11:56:00.204368,55237.25,HOLD,BULL,False,ema_gap_bull,False,55252.13722179479,55253.10986466098,-0.9726428661961108,43.36,-0.469,7.18,-8.456,-2.9795,1.0641,23.37,0.0423,0.882,SIDEWAYS,flat,55242.5,55214.0,55061.83458981018,83.09759429848782,81.78,0.148,TRENDING
2026-10-07T11:57:00.207641,55222.1,HOLD,BULL,False,ema_gap_bull,False,55249.27455128447,55251.65135990774,-2.3768086232666974,39.83,-1.096,3.22,-3.847,-3.0625,-0.0766,23.08,0.0418,0.886,SIDEWAYS,flat,55250.0,55214.0,55062.77421018749,83.09759429848782,81.78,0.148,TRENDING
2026-10-07T11:58:00.207926,55219.8,HOLD,BULL,False,ema_gap_bull,False,55246.47147316473,55252.054641994764,-5.5831688300313544,38.42,-1.061,-5.22,3.575,-2.9734,0.0455,22.2,0.0402,0.862,TRENDING,flat,55250.0,55214.0,55063.66373405533,83.09759429848782,81.78,0.148,TRENDING
2026-10-07T11:59:00.199901,55228.9,HOLD,BULL,False,ema_gap_bull,False,55244.76589586013,55250.702957109235,-5.937061249103863,42.36,-0.369,-1.17,4.327,-2.1341,0.8506,21.7,0.0393,0.855,TRENDING,flat,55250.0,55217.0,55064.68630642571,83.09759429848782,81.78,0.148,TRENDING
2026-10-07T12:00:00.240590,55221.8,HOLD,BULL,False,ema_gap_bull,False,55242.58106694121,55249.86287045464,-7.28180351343326,41.09,-0.764,0.95,-5.61,-1.814,0.3124,21.24,0.0385,0.851,TRENDING,flat,55240.65,55217.0,55065.69978351676,83.09759429848782,81.78,0.148,TRENDING
2026-10-07T12:01:00.200607,55231.65,HOLD,BULL,False,ema_gap_bull,False,55241.13825998086,55251.090746945294,-9.952486964437412,42.98,-0.135,3.96,4.319,-1.0175,0.7409,21.02,0.0381,0.849,TRENDING,flat,55235.3,55217.0,55066.688931548066,83.65142954210751,78.31,0.1418,TRENDING
2026-10-07T12:02:00.201360,55242.15,HOLD,BULL,False,ema_gap_bull,False,55241.24391329881,55251.87690966281,-10.632996364001883,48.22,1.676,6.34,3.612,0.589,1.5766,20.57,0.0372,0.846,TRENDING,flat,55235.3,55214.85,55067.74005433764,83.65142954210751,78.31,0.1418,TRENDING
2026-10-07T12:03:00.203918,55250.25,HOLD,BULL,False,ema_gap_bull,False,55242.1386447927,55251.115684898396,-8.977040105695778,52.07,1.982,11.17,-2.792,2.1842,1.614,20.34,0.0368,0.851,TRENDING,flat,55242.7,55214.85,55069.00012827266,83.65142954210751,78.31,0.1418,TRENDING
2026-10-07T12:04:00.209632,55259.0,HOLD,BULL,False,ema_gap_bull,False,55243.77070350517,55252.8894203356,-9.118716830431367,53.96,2.348,12.0,-0.184,3.7604,1.5377,20.15,0.0365,0.852,TRENDING,flat,55258.4,55214.85,55070.295234120524,83.65142954210751,78.31,0.1418,TRENDING
2026-10-07T12:05:00.216757,55288.65,HOLD,BULL,False,ema_gap_bull,False,55247.76739224419,55252.85371122765,-5.0863189834635705,62.31,2.772,13.75,4.818,6.2953,2.5699,22.41,0.0405,0.958,TRENDING,flat,55263.15,55227.35,55071.71797720081,83.65142954210751,78.31,0.1418,TRENDING
2026-10-07T12:06:00.204378,55295.35,HOLD,BULL,False,ema_gap_bull,False,55252.34360912924,55254.74364071358,-2.400031584344106,64.7,2.458,13.07,-5.327,8.2975,1.9967,22.37,0.0405,0.965,SIDEWAYS,flat,55309.75,55240.7,55073.23380118933,84.90959519856551,79.65,0.1441,TRENDING
2026-10-07T12:07:00.201368,55276.2,HOLD,BULL,False,ema_gap_bull,False,55254.05489123768,55255.49426361912,-1.4393723814355326,54.99,1.155,0.45,-12.123,7.5527,-0.7485,23.12,0.0418,1.005,SIDEWAYS,flat,55309.75,55245.85,55074.68656273256,84.90959519856551,79.65,0.1441,TRENDING
2026-10-07T12:08:00.208671,55249.55,HOLD,BULL,False,ema_gap_bull,False,55253.69824891629,55255.40872696037,-1.7104780440786271,48.55,0.412,-13.3,3.478,5.4596,-2.0961,24.1,0.0436,1.053,SIDEWAYS,flat,55309.75,55257.8,55075.82881483968,84.90959519856551,79.65,0.1441,TRENDING
2026-10-07T12:09:00.204357,55228.75,HOLD,BULL,False,ema_gap_bull,False,55251.31554394224,55253.54635321401,-2.2308092717721593,43.25,-0.341,-21.54,0.55,2.4976,-2.9406,24.67,0.0447,1.08,SIDEWAYS,flat,55302.45,55250.3,55076.74966688356,84.90959519856551,79.65,0.1441,TRENDING
2026-10-07T12:10:00.207816,55217.5,HOLD,BULL,False,ema_gap_bull,False,55248.04538414543,55252.44734680361,-4.4019626581794,40.47,-0.65,-14.58,2.885,-0.1945,-2.7009,23.81,0.0431,1.052,TRENDING,flat,55301.4,55219.35,55077.564070252134,84.90959519856551,79.65,0.1441,TRENDING
2026-10-07T12:11:00.471577,55214.1,HOLD,BULL,False,ema_gap_bull,False,55244.60506595872,55251.113947085425,-6.5088811267050914,39.06,-0.698,-9.45,1.584,-2.1656,-1.9779,23.09,0.0418,1.024,TRENDING,flat,55287.25,55216.35,55078.381568473094,85.2081267332178,80.3,0.1454,TRENDING
2026-10-07T12:12:00.469154,55171.55,HOLD,BULL,False,ema_gap_bull,False,55237.68388308871,55247.22710173251,-9.543218643797445,31.55,-1.523,-11.58,-6.518,-5.8246,-3.6383,25.13,0.0455,1.106,TRENDING,flat,55251.1,55211.9,55078.95267862075,85.2081267332178,80.3,0.1454,TRENDING
2026-10-07T12:13:00.460951,55138.95,HOLD,BULL,False,ema_gap_bull,False,55228.294475319744,55242.929780496896,-14.635305177151167,27.69,-2.017,-13.68,3.016,-9.8553,-4.0292,26.04,0.0472,1.147,TRENDING,flat,55229.75,55166.2,55079.363172572135,85.2081267332178,80.3,0.1454,TRENDING
2026-10-07T12:14:00.549981,55115.0,HOLD,BULL,False,ema_gap_bull,False,55217.47260467795,55240.393089167075,-22.920484489128285,23.94,-1.906,-15.16,1.796,-13.3085,-3.519,26.96,0.0489,1.165,TRENDING,flat,55225.6,55137.55,55079.60672612255,85.2081267332178,80.3,0.1454,TRENDING
2026-10-07T12:15:00.466753,55135.3,HOLD,BULL,False,ema_gap_bull,False,55209.59226199343,55236.00575405538,-26.413492061954457,30.75,-1.201,-1.04,9.42,-13.427,-0.112,27.07,0.0491,1.172,TRENDING,flat,55217.15,55109.35,55079.8495782382,85.2081267332178,80.3,0.1454,TRENDING
2026-10-07T12:16:00.270412,55141.7,HOLD,BULL,False,ema_gap_bull,False,55203.146466186,55233.02844298769,-29.881976801691053,32.82,-0.91,5.87,-4.374,-12.1924,1.2158,26.65,0.0483,1.146,TRENDING,flat,55176.15,55109.35,55080.150380071624,82.50941087534011,83.69,0.1518,TRENDING
2026-10-07T12:17:00.203331,55153.3,HOLD,BULL,False,ema_gap_bull,False,55198.40179955003,55230.22168415173,-31.819884601696685,36.5,-0.604,12.15,1.293,-9.894,2.29,26.37,0.0478,1.123,TRENDING,flat,55153.35,55109.35,55080.514331582264,82.50941087534011,83.69,0.1518,TRENDING
2026-10-07T12:18:00.213099,55144.3,HOLD,BULL,False,ema_gap_bull,False,55193.19081133393,55227.831152208986,-34.6403408750557,35.06,-0.74,3.95,-5.09,-8.3531,1.5145,25.79,0.0468,1.089,TRENDING,flat,55164.1,55112.15,55080.8681460015,82.50941087534011,83.69,0.1518,TRENDING
2026-10-07T12:19:00.260934,55108.45,HOLD,BULL,False,ema_gap_bull,False,55185.210377376716,55224.88404407248,-39.67366669576586,29.21,-1.034,-3.13,-3.396,-8.9152,-0.607,27.18,0.0493,1.134,TRENDING,flat,55164.1,55132.05,55081.07692867298,82.50941087534011,83.69,0.1518,TRENDING
2026-10-07T12:20:00.209599,55124.3,HOLD,BULL,False,ema_gap_bull,False,55179.33816721737,55219.19457405234,-39.85640683496604,33.96,-0.65,-2.34,9.504,-7.7252,1.2353,27.27,0.0495,1.122,TRENDING,flat,55164.1,55102.35,55081.27075848524,82.50941087534011,83.69,0.1518,TRENDING
2026-10-07T12:21:00.202759,55142.95,HOLD,BULL,False,ema_gap_bull,False,55175.83268610474,55216.54346079919,-40.710774694452994,39.33,-0.191,4.6,0.914,-5.0983,2.6175,27.15,0.0492,1.109,TRENDING,flat,55161.1,55102.35,55081.53860393114,74.19277055815473,80.99,0.1469,TRENDING
2026-10-07T12:22:00.208856,55133.45,HOLD,BULL,False,ema_gap_bull,False,55171.695993174995,55213.79384865187,-42.09785547687352,37.55,-0.291,7.96,-7.071,-3.5736,1.5102,26.32,0.0477,1.059,TRENDING,flat,55147.65,55102.35,55081.853733916505,74.19277055815473,80.99,0.1469,TRENDING
2026-10-07T12:23:00.210248,55118.85,HOLD,BULL,False,ema_gap_bull,False,55166.60968075092,55210.50948466982,-43.89980391890276,35.06,-0.416,1.23,-0.595,-3.0686,0.4928,26.13,0.0474,1.045,TRENDING,flat,55146.45,55104.3,55082.08062217954,74.19277055815473,80.99,0.1469,TRENDING
2026-10-07T12:24:00.206835,55123.65,HOLD,BULL,False,ema_gap_bull,False,55162.51804932295,55207.07470900089,-44.556659677939024,36.73,-0.21,-2.47,3.99,-1.9879,1.0814,25.49,0.0462,0.999,TRENDING,flat,55146.45,55111.25,55082.30524258041,74.19277055815473,80.99,0.1469,TRENDING
2026-10-07T12:25:00.211225,55086.55,HOLD,BULL,False,ema_gap_bull,False,55155.49340387633,55202.54249808503,-47.04909420869808,31.51,-0.675,-6.25,-7.134,-3.1589,-1.1739,26.3,0.0477,1.032,TRENDING,flat,55146.45,55111.25,55082.385525250735,74.19277055815473,80.99,0.1469,TRENDING
2026-10-07T12:26:00.207865,55085.55,HOLD,BULL,False,ema_gap_bull,False,55148.9787365892,55199.05244966619,-50.073713076992135,30.96,-0.659,-4.1,5.237,-3.5366,-0.4051,25.79,0.0468,1.003,TRENDING,flat,55135.8,55085.65,55082.39946130437,65.73793298455712,79.25,0.1439,TRENDING
2026-10-07T12:27:00.220127,55058.05,HOLD,BULL,False,ema_gap_bull,False,55140.29091862305,55193.58859227238,-53.29767364932923,27.02,-1.224,-9.62,-3.645,-5.1823,-1.6477,26.2,0.0476,1.014,TRENDING,flat,55129.8,55074.3,55082.3610329785,65.73793298455712,79.25,0.1439,TRENDING
2026-10-07T12:28:00.235338,55054.25,HOLD,BULL,False,ema_gap_bull,False,55132.0336243065,55187.974571880295,-55.94094757379207,26.5,-1.295,-4.65,3.381,-5.9117,-0.7262,25.83,0.0469,0.998,TRENDING,flat,55123.65,55057.75,55082.19988458833,65.73793298455712,79.25,0.1439,TRENDING
2026-10-07T12:29:00.032111,55039.15,HOLD,BULL,False,ema_gap_bull,False,55123.18571542053,55181.91218045491,-58.726465034378634,24.66,-1.509,-6.1,-1.233,-6.6717,-0.7541,26.21,0.0476,1.008,TRENDING,flat,55093.25,55042.95,55081.97060135574,65.73793298455712,79.25,0.1439,TRENDING
2026-10-07T12:30:00.223211,55057.4,HOLD,BULL,True,ema_gap_bull,False,55116.98324041942,55176.007545473214,-59.024305053797434,31.42,-0.192,4.13,8.175,-5.2797,1.4196,26.45,0.048,1.01,TRENDING,flat,55089.35,55028.65,55081.75776325071,65.73793298455712,79.25,0.1439,TRENDING
2026-10-07T12:31:00.219309,55074.45,HOLD,BULL,True,ema_gap_bull,False,55112.885223073485,55172.63283534352,-59.74761227003182,35.93,1.04,9.57,-1.55,-2.7535,2.5096,26.47,0.0481,1.008,TRENDING,flat,55065.2,55028.65,55081.64729140905,53.736130331970344,78.97,0.1434,TRENDING
2026-10-07T12:32:00.204938,55070.95,HOLD,BULL,True,ema_gap_bull,False,55109.101359397675,55167.62517313438,-58.52381373670505,36.04,0.887,11.21,-4.998,-0.7588,2.0239,25.95,0.0471,0.981,TRENDING,flat,55081.15,55028.65,55081.621447002115,53.736130331970344,78.97,0.1434,TRENDING
2026-10-07T12:33:00.215481,55072.35,HOLD,BULL,True,ema_gap_bull,False,55105.57360820904,55163.99324984232,-58.41964163328521,35.86,0.745,4.54,-0.11,0.8226,1.5784,25.82,0.0469,0.984,TRENDING,flat,55085.95,55036.0,55081.55246555166,53.736130331970344,78.97,0.1434,TRENDING
2026-10-07T12:34:00.208365,55053.0,HOLD,BULL,True,ema_gap_bull,False,55100.28294964564,55159.77554415126,-59.492594505623856,31.76,-0.228,-4.24,-3.679,0.7128,-0.1165,25.88,0.047,0.986,TRENDING,flat,55085.95,55053.85,55081.48252813406,53.736130331970344,78.97,0.1434,TRENDING
2026-10-07T12:35:00.291746,55076.85,HOLD,BULL,True,ema_gap_bull,False,55098.11830340994,55156.01921675989,-57.900913349949406,40.79,1.671,4.57,12.666,2.6944,1.9956,26.72,0.0485,1.018,TRENDING,flat,55085.95,55050.0,55081.43085258477,53.736130331970344,78.97,0.1434,TRENDING
2026-10-07T12:36:00.210035,55086.2,HOLD,SIDEWAYS,True,5m_sideways,False,55096.98794210359,55153.85774734422,-56.86980524063256,43.12,1.933,7.3,-6.311,4.7039,1.9943,25.7,0.0467,0.981,TRENDING,flat,55086.5,55048.9,55081.442953307815,43.90493139726459,75.49,0.1371,TRENDING
2026-10-07T12:37:00.218796,55071.65,HOLD,SIDEWAYS,True,5m_sideways,False,55094.604575818084,55150.79236014284,-56.18778432475665,40.24,1.207,8.22,-5.419,5.1282,0.4205,25.67,0.0466,0.981,TRENDING,flat,55089.3,55048.9,55081.42158439241,43.90493139726459,75.49,0.1371,TRENDING
2026-10-07T12:38:00.478051,55071.95,HOLD,SIDEWAYS,True,5m_sideways,False,55092.52200796601,55148.16792137219,-55.645913406180625,40.24,1.185,-0.26,3.184,5.4967,0.3569,24.71,0.0449,0.946,TRENDING,flat,55089.3,55048.9,55081.382747145675,43.90493139726459,75.49,0.1371,TRENDING
2026-10-07T12:39:00.486676,55076.6,HOLD,SIDEWAYS,True,5m_sideways,False,55090.877901275,55144.831604291394,-53.953703016391955,41.17,1.206,-1.88,0.621,5.8895,0.4054,24.48,0.0444,0.94,TRENDING,flat,55089.3,55063.5,55081.327447399926,43.90493139726459,75.49,0.1371,TRENDING
2026-10-07T12:40:00.593150,55082.65,HOLD,SIDEWAYS,True,5m_sideways,False,55090.09812048965,55142.280985317186,-52.182864827533194,43.69,1.481,3.56,1.616,6.5936,0.7071,24.16,0.0439,0.932,TRENDING,flat,55088.8,55058.0,55081.313442089675,43.90493139726459,75.49,0.1371,TRENDING
2026-10-07T12:41:00.586861,55079.35,HOLD,SIDEWAYS,True,5m_sideways,False,55089.17988500918,55139.93365593704,-50.753770927862206,43.22,1.287,2.71,-3.052,6.8235,0.2279,23.15,0.042,0.903,TRENDING,flat,55087.5,55058.0,55081.3174290917,41.03083476306347,72.29,0.1312,TRENDING
2026-10-07T12:42:00.458182,55084.25,HOLD,SIDEWAYS,True,5m_sideways,False,55088.84237585192,55138.22259589158,-49.380220039660344,45.08,1.456,3.69,2.426,7.2061,0.3716,22.4,0.0407,0.882,TRENDING,flat,55087.65,55058.0,55081.32726133327,41.03083476306347,72.29,0.1312,TRENDING
2026-10-07T12:43:00.199623,55108.35,HOLD,SIDEWAYS,True,5m_sideways,False,55090.40917210205,55137.43886306095,-47.02969095889421,51.54,2.086,7.66,4.595,8.5702,1.3507,23.21,0.0421,0.918,TRENDING,flat,55089.3,55067.7,55081.43120854806,41.03083476306347,72.29,0.1312,TRENDING
2026-10-07T12:44:00.215691,55109.1,HOLD,SIDEWAYS,True,5m_sideways,False,55092.31797562036,55136.97950146164,-44.66152584127849,52.83,1.94,9.88,-4.914,9.5341,0.9481,22.6,0.041,0.897,TRENDING,flat,55117.75,55076.35,55081.5344888392,41.03083476306347,72.29,0.1312,TRENDING
2026-10-07T12:45:00.245635,55094.8,HOLD,SIDEWAYS,True,5m_sideways,False,55092.60931909322,55135.08205426063,-42.472735167408246,48.13,1.194,3.18,-6.4,8.8669,-0.6602,22.51,0.0409,0.902,TRENDING,flat,55117.75,55076.35,55081.66069601884,41.03083476306347,72.29,0.1312,TRENDING
2026-10-07T12:46:00.219055,55092.35,HOLD,SIDEWAYS,True,5m_sideways,False,55092.64311447662,55133.59483332577,-40.9517188491518,46.96,1.005,-3.95,4.015,8.0176,-0.8536,22.03,0.04,0.89,TRENDING,flat,55117.75,55084.25,55081.736432980266,37.524459539257805,70.18,0.1274,TRENDING
2026-10-07T12:47:00.220081,55086.0,HOLD,SIDEWAYS,True,5m_sideways,False,55092.18169228634,55130.61720505895,-38.43551277260849,45.99,0.707,-7.22,-0.847,6.8746,-1.1118,21.89,0.0397,0.887,TRENDING,flat,55117.1,55090.3,55081.75627760741,37.524459539257805,70.18,0.1274,TRENDING
2026-10-07T12:48:00.204899,55075.2,HOLD,SIDEWAYS,True,5m_sideways,False,55090.63212455142,55129.18250573096,-38.550381179542455,41.87,0.17,-5.99,-2.047,5.2127,-1.6807,22.24,0.0404,0.909,TRENDING,flat,55117.1,55078.1,55081.75801237291,37.524459539257805,70.18,0.1274,TRENDING
2026-10-07T12:49:00.218475,55082.2,HOLD,SIDEWAYS,True,5m_sideways,False,55089.738169053286,55126.67117858718,-36.93300953389553,44.0,0.409,-3.04,5.813,4.3539,-0.842,21.57,0.0392,0.89,TRENDING,flat,55106.25,55070.95,55081.74211823767,37.524459539257805,70.18,0.1274,TRENDING
2026-10-07T12:50:00.220017,55070.55,HOLD,SIDEWAYS,True,5m_sideways,False,55087.84716684093,55123.662481018495,-35.81531417756196,40.28,-0.237,-4.75,-5.533,2.9797,-1.3536,21.76,0.0395,0.907,TRENDING,flat,55097.9,55070.95,55081.75073366778,37.524459539257805,70.18,0.1274,TRENDING
2026-10-07T12:51:00.208405,55066.25,HOLD,SIDEWAYS,True,5m_sideways,False,55086.06509151283,55119.61357563004,-33.548484117214684,40.94,-0.464,-1.5,3.266,2.0047,-0.9246,21.1,0.0383,0.884,TRENDING,flat,55097.9,55069.95,55081.69311680544,34.86665448182612,68.28,0.124,TRENDING
2026-10-07T12:52:00.205802,55054.35,HOLD,SIDEWAYS,True,5m_sideways,False,55082.912009668864,55117.66964636998,-34.75763670111337,36.11,-1.363,-8.34,-4.491,0.4016,-1.6207,21.37,0.0388,0.91,TRENDING,flat,55094.15,55062.9,55081.579404050295,34.86665448182612,68.28,0.124,TRENDING
2026-10-07T12:53:00.212591,55060.25,HOLD,SIDEWAYS,True,5m_sideways,False,55080.90896976678,55115.83104601008,-34.92207624329603,39.99,-0.596,-0.81,8.736,0.0559,-0.355,21.05,0.0382,0.91,TRENDING,flat,55094.15,55047.75,55081.44201660632,34.86665448182612,68.28,0.124,TRENDING
2026-10-07T12:54:00.217414,55076.7,HOLD,SIDEWAYS,True,5m_sideways,False,55080.76006325626,55114.34744849965,-33.58738524338696,47.06,0.811,6.45,3.005,1.0575,1.003,21.3,0.0387,0.928,TRENDING,flat,55074.65,55047.75,55081.366831772306,34.86665448182612,68.28,0.124,TRENDING
2026-10-07T12:55:00.211455,55089.25,HOLD,SIDEWAYS,True,5m_sideways,False,55081.520709705524,55113.30695665939,-31.786246953866794,50.83,1.347,14.25,-3.62,2.3388,1.2823,21.11,0.0383,0.933,TRENDING,flat,55081.0,55047.75,55081.37062665506,34.86665448182612,68.28,0.124,TRENDING
2026-10-07T12:56:00.210572,55080.5,HOLD,SIDEWAYS,True,5m_sideways,False,55081.309320089546,55113.14695400368,-31.83763391413231,47.26,0.604,7.1,-6.653,2.5429,0.1731,21.18,0.0385,0.939,TRENDING,flat,55090.8,55048.75,55081.412051258994,30.243525153127848,65.81,0.1195,TRENDING
2026-10-07T12:57:00.219850,55061.05,HOLD,SIDEWAYS,True,5m_sideways,False,55079.383010059835,55111.48897466961,-32.10596460977831,41.85,-0.72,-5.51,-2.269,1.468,-1.085,21.77,0.0395,0.979,TRENDING,flat,55099.7,55056.7,55081.31805978083,30.243525153127848,65.81,0.1195,TRENDING
2026-10-07T12:58:00.213550,55038.7,HOLD,SIDEWAYS,True,5m_sideways,False,55075.40054998085,55109.36974663472,-33.96919665387395,35.47,-1.758,-14.53,-0.329,-0.6772,-2.1657,22.11,0.0402,0.998,TRENDING,flat,55099.7,55052.7,55081.17139716263,30.243525153127848,65.81,0.1195,TRENDING
2026-10-07T12:59:00.209823,55029.95,HOLD,SIDEWAYS,True,5m_sideways,False,55071.1310618348,55105.36186500399,-34.23080316919368,34.29,-1.879,-12.97,4.372,-2.3608,-1.6594,21.78,0.0396,0.988,TRENDING,flat,55099.7,55035.85,55080.96836786288,30.243525153127848,65.81,0.1195,TRENDING
2026-10-07T13:00:00.224423,54997.15,HOLD,SIDEWAYS,True,5m_sideways,False,55064.17354324258,55101.46932886268,-37.29578562010283,27.98,-2.394,-13.41,-4.564,-5.2473,-2.8948,22.69,0.0413,1.037,TRENDING,flat,55082.95,55028.8,55080.65558474512,30.243525153127848,65.81,0.1195,TRENDING
2026-10-07T13:01:00.213859,54979.2,HOLD,SIDEWAYS,True,5m_sideways,False,55055.93411888559,55096.14502711715,-40.21090823155828,24.96,-2.304,-10.54,3.066,-7.982,-2.7223,23.02,0.0419,1.052,TRENDING,flat,55062.05,54998.05,55080.20123891269,20.980720789033512,68.88,0.1252,TRENDING
2026-10-07T13:02:00.204280,54997.9,HOLD,SIDEWAYS,True,5m_sideways,False,55050.458587870526,55091.629260291316,-41.17067242079065,32.9,-1.11,-1.16,10.903,-7.8266,0.1735,23.4,0.0425,1.063,TRENDING,flat,55046.2,54972.55,55079.79353484705,20.980720789033512,68.88,0.1252,TRENDING
2026-10-07T13:03:00.204437,54974.7,HOLD,SIDEWAYS,True,5m_sideways,False,55043.31148056303,55086.65353930821,-43.34205874517647,29.27,-1.434,1.22,-11.603,-8.6389,-0.8012,23.97,0.0436,1.09,TRENDING,flat,55033.1,54972.55,55079.36732301284,20.980720789033512,68.88,0.1252,TRENDING
2026-10-07T13:04:00.461059,54979.6,HOLD,SIDEWAYS,True,5m_sideways,False,55037.26669695745,55082.36330318861,-45.096606231163605,31.01,-1.146,5.76,5.287,-8.2406,0.401,23.35,0.0425,1.06,TRENDING,flat,55004.7,54972.55,55078.93031211678,20.980720789033512,68.88,0.1252,TRENDING
2026-10-07T13:05:00.474940,54964.75,HOLD,SIDEWAYS,True,5m_sideways,False,55030.24446293516,55078.08907289182,-47.84460995665722,28.45,-1.334,-4.67,-4.142,-8.4033,-0.1728,23.37,0.0425,1.06,TRENDING,flat,55004.7,54972.75,55078.52971691009,20.980720789033512,68.88,0.1252,TRENDING
2026-10-07T13:06:00.463290,54948.2,HOLD,SIDEWAYS,True,5m_sideways,False,55022.02900837446,55073.2035693592,-51.17456098473485,25.53,-1.502,-3.66,-0.173,-9.1021,-0.7087,23.42,0.0426,1.052,TRENDING,flat,55004.55,54960.7,55078.069243568054,12.147725483373506,65.76,0.1196,SIDEWAYS
2026-10-07T13:07:00.462953,54931.4,HOLD,SIDEWAYS,True,5m_sideways,False,55013.51771826487,55067.23320909124,-53.715490826369205,24.07,-1.501,-6.66,1.273,-9.5699,-0.4556,23.2,0.0422,1.046,TRENDING,flat,54989.3,54943.95,55077.52939307616,12.147725483373506,65.76,0.1196,SIDEWAYS
2026-10-07T13:08:00.457959,54919.25,HOLD,SIDEWAYS,True,5m_sideways,False,55004.639170585586,55060.80894281476,-56.16977222917194,22.71,-1.489,-5.68,-0.067,-9.9082,-0.3208,23.03,0.0419,1.034,TRENDING,flat,54984.5,54929.4,55076.98379731522,12.147725483373506,65.76,0.1196,SIDEWAYS
2026-10-07T13:09:00.474209,54889.15,HOLD,SIDEWAYS,True,5m_sideways,False,54993.636772974874,55054.23823802938,-60.60146505450393,19.35,-1.648,-6.23,-1.782,-11.3081,-1.4043,24.21,0.0441,1.082,TRENDING,flat,54967.15,54919.8,55076.3261894715,12.147725483373506,65.76,0.1196,SIDEWAYS
2026-10-07T13:10:00.210907,54841.05,HOLD,SIDEWAYS,True,5m_sideways,False,54978.90431614335,55045.74870549484,-66.84438935149228,15.44,-1.799,-8.64,-0.595,-14.4992,-3.1898,26.78,0.0488,1.185,TRENDING,flat,54950.6,54884.45,55075.48587292209,12.147725483373506,65.76,0.1196,SIDEWAYS
2026-10-07T13:11:00.221729,54804.3,HOLD,SIDEWAYS,True,5m_sideways,False,54962.39507776753,55035.83402249892,-73.43894473139517,13.5,-1.734,-9.07,1.928,-17.5479,-3.0357,27.74,0.0506,1.209,TRENDING,flat,54940.35,54833.85,55074.52296001633,-3.4929216623786488,70.58,0.1287,SIDEWAYS
2026-10-07T13:12:00.208376,54839.9,HOLD,SIDEWAYS,True,5m_sideways,False,54950.895443293804,55027.62604932744,-76.7306060336341,24.57,-0.599,5.22,12.993,-15.8708,1.6927,30.3,0.0552,1.295,TRENDING,flat,54924.15,54800.9,55073.66228284178,-3.4929216623786488,70.58,0.1287,SIDEWAYS
2026-10-07T13:13:00.217657,54876.45,HOLD,SIDEWAYS,True,5m_sideways,False,54944.05233700083,55021.71601072524,-77.66367372441164,34.16,0.284,18.34,-1.631,-11.19,4.683,31.33,0.0571,1.31,TRENDING,flat,54894.2,54800.9,55072.829477456515,-3.4929216623786488,70.58,0.1287,SIDEWAYS
2026-10-07T13:14:00.209691,54898.8,HOLD,SIDEWAYS,True,5m_sideways,False,54939.47326468799,55017.62139264013,-78.14812795213948,37.73,0.807,24.23,-5.633,-6.1407,5.0272,31.64,0.0576,1.291,TRENDING,flat,54879.05,54800.9,55072.14451769778,-3.4929216623786488,70.58,0.1287,SIDEWAYS
2026-10-07T13:15:00.238629,54891.15,HOLD,SIDEWAYS,True,5m_sideways,False,54934.918201528606,55012.624295290494,-77.70609376188804,37.08,0.952,12.59,-4.342,-2.4941,3.6481,31.05,0.0566,1.246,TRENDING,flat,54906.8,54804.3,55071.44120703478,-3.4929216623786488,70.58,0.1287,SIDEWAYS
2026-10-07T13:16:00.225045,54887.2,HOLD,SIDEWAYS,True,5m_sideways,False,54930.482764874345,55007.12528419946,-76.64251932511252,36.7,1.036,2.73,0.115,0.1525,2.6631,30.05,0.0547,1.183,TRENDING,flat,54906.8,54834.4,55070.703607728414,-31.438162786398607,76.42,0.1392,TRENDING
2026-10-07T13:17:00.211814,54902.9,HOLD,SIDEWAYS,True,5m_sideways,False,54928.05503513357,55003.02258354565,-74.96754841208167,40.84,1.558,3.0,4.501,3.3219,3.1719,29.24,0.0533,1.137,TRENDING,flat,54906.8,54871.45,55069.95546276014,-31.438162786398607,76.42,0.1392,TRENDING
2026-10-07T13:18:00.218647,54933.15,HOLD,SIDEWAYS,True,5m_sideways,False,54928.49561658491,55000.62550321061,-72.1298866257057,46.81,2.077,9.69,2.05,7.3528,4.0214,30.53,0.0556,1.166,TRENDING,flat,54905.4,54877.8,55069.24124646261,-31.438162786398607,76.42,0.1392,TRENDING
2026-10-07T13:19:00.214309,54927.25,HOLD,SIDEWAYS,True,5m_sideways,False,54928.50805380119,54997.525869738085,-69.0178159368952,46.16,1.753,9.39,-6.829,9.6529,2.3074,29.75,0.0542,1.119,TRENDING,flat,54935.75,54885.4,55068.640307052774,-31.438162786398607,76.42,0.1392,TRENDING
2026-10-07T13:20:00.204881,54908.3,HOLD,SIDEWAYS,True,5m_sideways,False,54926.49005525863,54994.20965956003,-67.71960430139734,42.41,1.199,1.49,-3.1,9.6409,-0.0179,29.29,0.0533,1.088,TRENDING,flat,54943.15,54886.35,55067.95192676251,-31.438162786398607,76.42,0.1392,TRENDING
2026-10-07T13:21:00.211048,54893.45,HOLD,SIDEWAYS,True,5m_sideways,False,54923.400729413246,54990.886966682505,-67.48623726925871,40.11,0.882,-6.82,1.602,8.6733,-0.9835,28.28,0.0515,1.041,TRENDING,flat,54943.15,54888.6,55067.150548159436,-18.58562374864414,71.47,0.1302,TRENDING
2026-10-07T13:22:00.211253,54873.45,HOLD,SIDEWAYS,True,5m_sideways,False,54918.6511281121,54986.63192436392,-67.98079625182436,36.88,0.525,-9.31,-0.996,6.6661,-2.0163,28.77,0.0524,1.048,TRENDING,flat,54943.15,54893.15,55066.23882938297,-18.58562374864414,71.47,0.1302,TRENDING
2026-10-07T13:23:00.212787,54873.1,HOLD,SIDEWAYS,True,5m_sideways,False,54914.372884088014,54982.54751510604,-68.17463101802423,37.13,0.471,-5.43,3.292,5.4228,-1.2524,28.64,0.0522,1.034,TRENDING,flat,54927.25,54862.05,55065.35240761338,-18.58562374864414,71.47,0.1302,TRENDING
2026-10-07T13:24:00.239956,54872.0,HOLD,SIDEWAYS,True,5m_sideways,False,54910.33198285273,54979.294322553105,-68.96233970037429,36.63,0.429,-3.49,-0.362,4.5987,-0.8527,27.6,0.0503,0.982,TRENDING,flat,54908.3,54862.05,55064.435562418,-18.58562374864414,71.47,0.1302,TRENDING
2026-10-07T13:25:00.212275,54849.75,HOLD,SIDEWAYS,True,5m_sideways,False,54904.47034774642,54974.58034823077,-70.11000048434653,32.66,0.056,-3.91,-3.354,2.6859,-1.9235,27.58,0.0503,0.981,TRENDING,flat,54897.05,54862.05,55063.48399010861,-18.58562374864414,71.47,0.1302,TRENDING
2026-10-07T13:26:00.211140,54871.35,HOLD,SIDEWAYS,True,5m_sideways,False,54901.37419820719,54969.52055756409,-68.14635935689876,39.34,0.653,2.67,10.313,3.1224,0.4638,27.76,0.0506,0.977,TRENDING,flat,54891.0,54843.7,55062.57788904764,-10.581884970408282,77.47,0.1412,SIDEWAYS
2026-10-07T13:27:00.204589,54880.9,HOLD,SIDEWAYS,True,5m_sideways,False,54899.46046710506,54965.24799240719,-65.7875253021266,41.8,0.817,5.45,-4.175,4.1363,1.0354,27.18,0.0495,0.95,TRENDING,flat,54876.1,54843.7,55061.808219846855,-10.581884970408282,77.47,0.1412,SIDEWAYS
2026-10-07T13:28:00.206453,54899.5,HOLD,SIDEWAYS,True,5m_sideways,False,54899.49990817236,54961.80923613173,-62.30932795937406,46.57,1.169,13.81,2.222,6.0373,1.9241,27.53,0.0501,0.956,TRENDING,flat,54881.35,54843.7,55061.13303656526,-10.581884970408282,77.47,0.1412,SIDEWAYS
2026-10-07T13:29:00.227840,54911.5,HOLD,SIDEWAYS,True,5m_sideways,False,54900.53884194304,54959.31435966293,-58.77551771989238,49.13,1.308,9.67,-2.194,7.8741,1.8494,26.95,0.0491,0.935,TRENDING,flat,54910.2,54843.7,55060.479729257924,-10.581884970408282,77.47,0.1412,SIDEWAYS
2026-10-07T13:30:00.220155,54941.75,HOLD,SIDEWAYS,False,5m_sideways,False,54904.46203132587,54958.41979994599,-53.95776862011553,55.46,1.91,13.84,4.155,10.8835,3.0148,28.59,0.052,0.988,TRENDING,flat,54912.95,54861.9,55059.93206145142,-10.581884970408282,77.47,0.1412,SIDEWAYS
2026-10-07T13:31:00.457369,54957.85,HOLD,SIDEWAYS,False,5m_sideways,False,54909.66663721497,54956.82663882638,-47.160001611409825,58.76,2.271,12.38,-3.422,13.5254,2.6846,28.9,0.0526,0.989,TRENDING,flat,54955.35,54878.0,55059.460546146234,-11.526946663754643,75.39,0.1372,SIDEWAYS
2026-10-07T13:32:00.463293,54943.5,HOLD,SIDEWAYS,False,5m_sideways,False,54913.011232298246,54955.01842319685,-42.007190898606495,55.29,1.709,6.33,-6.783,13.7641,0.274,28.51,0.0519,0.982,TRENDING,flat,54963.5,54892.75,55059.0675750489,-11.526946663754643,75.39,0.1372,SIDEWAYS
2026-10-07T13:33:00.472676,54952.05,HOLD,SIDEWAYS,False,5m_sideways,False,54916.59718652364,54953.84667444495,-37.249487921304535,56.85,1.629,0.76,4.727,13.7443,0.0066,27.71,0.0504,0.961,TRENDING,flat,54963.5,54905.45,55058.686931785254,-11.526946663754643,75.39,0.1372,SIDEWAYS
2026-10-07T13:34:00.462073,54952.15,HOLD,SIDEWAYS,False,5m_sideways,False,54919.94231428717,54954.58765002538,-34.64533573821245,56.92,1.463,-2.25,-0.966,13.2547,-0.5114,27.19,0.0495,0.952,TRENDING,flat,54963.5,54932.05,55058.2944957092,-11.526946663754643,75.39,0.1372,SIDEWAYS
2026-10-07T13:35:00.310397,54959.2,HOLD,SIDEWAYS,False,5m_sideways,False,54923.816840766456,54955.112716618394,-31.295875851938035,58.85,1.498,3.22,1.698,12.937,-0.3253,26.56,0.0483,0.939,TRENDING,flat,54959.5,54932.7,55057.93903574437,-11.526946663754643,75.39,0.1372,SIDEWAYS
2026-10-07T13:36:00.210328,54980.6,HOLD,SIDEWAYS,False,5m_sideways,False,54929.223814275756,54956.57678523646,-27.352970960702805,62.56,1.707,6.01,2.039,13.4297,0.4804,26.87,0.0489,0.955,TRENDING,flat,54962.05,54932.7,55057.67386415143,-7.335305800799688,71.89,0.1308,SIDEWAYS
2026-10-07T13:37:00.207263,54966.35,HOLD,SIDEWAYS,False,5m_sideways,False,54932.694504391664,54956.53933369153,-23.844829299865523,57.86,1.113,1.45,-8.329,12.1294,-1.2899,26.7,0.0486,0.954,TRENDING,flat,54990.1,54932.7,55057.395629202314,-7.335305800799688,71.89,0.1308,SIDEWAYS
2026-10-07T13:38:00.208178,54963.7,HOLD,SIDEWAYS,False,5m_sideways,False,54935.72167655987,54955.45585397278,-19.734177412909048,58.06,0.973,-0.87,4.118,10.6128,-1.4798,25.89,0.0471,0.927,TRENDING,flat,54990.1,54943.45,55057.07554954823,-7.335305800799688,71.89,0.1308,SIDEWAYS
2026-10-07T13:39:00.237444,54956.8,HOLD,SIDEWAYS,False,5m_sideways,False,54937.77680825597,54956.114975168726,-18.338166912755696,55.85,0.677,-7.02,-1.926,8.6811,-1.9473,24.81,0.0451,0.9,TRENDING,flat,54990.1,54955.8,55056.7631961981,-7.335305800799688,71.89,0.1308,SIDEWAYS
2026-10-07T13:40:00.209691,54944.55,HOLD,SIDEWAYS,False,5m_sideways,False,54938.48051981857,54956.449017817045,-17.96849799847405,51.94,0.273,-6.16,-1.348,6.2362,-2.465,24.17,0.044,0.886,TRENDING,flat,54988.05,54955.8,55056.399635471724,-7.335305800799688,71.89,0.1308,SIDEWAYS
2026-10-07T13:41:00.222629,54942.65,HOLD,SIDEWAYS,False,5m_sideways,False,54938.86470707201,54955.49039845666,-16.625691384651873,51.14,0.142,-6.57,2.839,4.1652,-2.0601,23.42,0.0426,0.868,TRENDING,flat,54970.1,54941.7,55056.01185291137,-9.559385226049926,70.27,0.1279,SIDEWAYS
2026-10-07T13:42:00.233193,54946.2,HOLD,SIDEWAYS,False,5m_sideways,False,54939.57289356539,54954.557449614214,-14.984556048824743,52.48,0.171,-3.26,1.853,2.8482,-1.3019,23.28,0.0424,0.87,TRENDING,flat,54968.75,54937.35,55055.5922093666,-9.559385226049926,70.27,0.1279,SIDEWAYS
2026-10-07T13:43:00.207695,54956.95,HOLD,SIDEWAYS,False,5m_sideways,False,54941.372512669506,54954.9301206318,-13.557607962291513,55.39,0.516,3.8,2.332,2.6175,-0.2365,23.04,0.0419,0.871,TRENDING,flat,54957.65,54932.1,55055.18309696779,-9.559385226049926,70.27,0.1279,SIDEWAYS
2026-10-07T13:44:00.205716,54951.25,HOLD,SIDEWAYS,False,5m_sideways,False,54942.425405534574,54953.41478864154,-10.989383106963942,53.82,0.153,2.5,-5.47,1.8721,-0.7079,22.74,0.0414,0.863,TRENDING,flat,54959.7,54932.1,55054.77926900924,-9.559385226049926,70.27,0.1279,SIDEWAYS
2026-10-07T13:45:00.304467,54960.45,HOLD,SIDEWAYS,False,5m_sideways,False,54944.17002185444,54953.63114056856,-9.461118714119948,55.82,0.441,3.82,4.404,1.7977,-0.0725,22.04,0.0401,0.85,TRENDING,flat,54959.7,54932.1,55054.39351943309,-9.559385226049926,70.27,0.1279,SIDEWAYS
2026-10-07T13:46:00.202790,54936.4,HOLD,SIDEWAYS,False,5m_sideways,False,54943.36312992934,54951.74009441361,-8.376964484268683,48.05,-1.267,-7.8,-10.546,-0.0215,-1.7878,22.49,0.0409,0.873,TRENDING,flat,54962.7,54939.5,55053.96083802615,-2.223946932783292,67.72,0.1232,SIDEWAYS
2026-10-07T13:47:00.206870,54957.05,HOLD,SIDEWAYS,False,5m_sideways,False,54944.72240131601,54951.8027644487,-7.080363132692582,54.18,-0.117,0.54,14.362,0.1903,0.2162,22.77,0.0414,0.894,TRENDING,flat,54962.7,54933.45,55053.488892820445,-2.223946932783292,67.72,0.1232,SIDEWAYS
2026-10-07T13:48:00.204268,54954.45,HOLD,SIDEWAYS,False,5m_sideways,False,54945.715452679346,54951.34722684406,-5.631774164714443,53.79,-0.545,-2.76,-6.971,0.0855,-0.0893,23.09,0.042,0.912,TRENDING,flat,54962.7,54932.85,55053.092891474436,-2.223946932783292,67.72,0.1232,SIDEWAYS
2026-10-07T13:49:00.223134,54957.55,HOLD,SIDEWAYS,False,5m_sideways,False,54947.0203123715,54952.43521250664,-5.414900135147036,54.93,-0.293,6.6,1.954,0.2485,0.1426,22.6,0.0411,0.901,TRENDING,flat,54973.7,54932.85,55052.67865457583,-2.223946932783292,67.72,0.1232,SIDEWAYS
2026-10-07T13:50:00.209854,54959.65,HOLD,SIDEWAYS,False,5m_sideways,False,54948.29981671351,54953.38928789758,-5.089471184073773,55.05,-0.138,0.72,-0.872,0.3473,0.0819,21.97,0.04,0.888,TRENDING,flat,54973.7,54932.85,55052.27037889611,-2.223946932783292,67.72,0.1232,SIDEWAYS
2026-10-07T13:51:00.235858,54953.55,HOLD,SIDEWAYS,False,5m_sideways,False,54948.623427093466,54953.29655718579,-4.673130092327483,51.84,-1.02,-1.7,-3.505,-0.236,-0.5826,21.86,0.0398,0.898,TRENDING,flat,54973.7,54946.75,55051.898648165974,-15.171878983397619,67.08,0.1221,SIDEWAYS
2026-10-07T13:52:00.213033,54938.75,HOLD,SIDEWAYS,False,5m_sideways,False,54947.787462732005,54952.72034744375,-4.9328847117431,47.52,-1.925,-6.86,-0.865,-1.4063,-1.169,22.2,0.0404,0.922,TRENDING,flat,54965.6,54944.85,55051.55158878304,-15.171878983397619,67.08,0.1221,SIDEWAYS
2026-10-07T13:53:00.209244,54898.2,HOLD,SIDEWAYS,False,5m_sideways,False,54943.243213791095,54949.760342094385,-6.517128303290519,37.65,-3.117,-17.84,-6.504,-4.6776,-3.2477,24.01,0.0437,1.005,TRENDING,flat,54965.6,54938.55,55051.077547476976,-15.171878983397619,67.08,0.1221,SIDEWAYS
2026-10-07T13:54:00.219085,54865.35,HOLD,SIDEWAYS,False,5m_sideways,False,54935.79591439612,54947.55900312725,-11.763088731131575,30.87,-2.966,-21.12,4.064,-8.7338,-4.0858,25.69,0.0468,1.076,TRENDING,flat,54965.6,54898.6,55050.48105867985,-15.171878983397619,67.08,0.1221,SIDEWAYS
2026-10-07T13:55:00.454635,54864.4,HOLD,SIDEWAYS,False,5m_sideways,False,54928.99916928193,54944.64827112982,-15.64910184789187,30.56,-2.373,-16.99,6.349,-10.8896,-2.165,26.17,0.0477,1.104,TRENDING,flat,54964.9,54858.4,55049.81804465596,-15.171878983397619,67.08,0.1221,SIDEWAYS
2026-10-07T13:56:00.465164,54903.05,HOLD,BEAR,False,rsi_slope_bear,False,54926.356404627906,54942.367725362776,-16.011320734869514,42.76,-0.876,5.51,12.173,-9.336,1.5688,27.35,0.0498,1.148,TRENDING,flat,54946.1,54836.5,55049.2841188125,-21.295493119512685,69.68,0.127,TRENDING
2026-10-07T13:57:00.459691,54862.15,HOLD,BEAR,False,rsi_slope_bear,False,54920.12271125275,54939.20347121218,-19.080759959433635,35.49,-1.547,4.69,-19.363,-10.421,-1.0858,28.4,0.0518,1.192,TRENDING,flat,54905.8,54836.5,55048.740363330784,-21.295493119512685,69.68,0.127,TRENDING
2026-10-07T13:58:00.021076,54862.7,HOLD,BEAR,False,rsi_slope_bear,False,54914.67379562749,54936.31711473375,-21.643319106260606,36.12,-1.331,5.33,7.874,-10.3815,0.0367,27.5,0.0501,1.147,TRENDING,flat,54905.8,54836.5,55048.147337550996,-21.295493119512685,69.68,0.127,TRENDING
2026-10-07T13:59:00.470646,54840.9,HOLD,BEAR,False,macd_bear,False,54907.60732861488,54932.859131644465,-25.251803029583243,32.48,-1.521,-10.23,-4.117,-11.1723,-0.7987,27.47,0.0501,1.14,TRENDING,flat,54905.8,54849.2,55047.5316881827,-21.295493119512685,69.68,0.127,TRENDING
2026-10-07T14:00:00.212601,54847.8,HOLD,BEAR,False,macd_bear,False,54901.715404692884,54929.351411440046,-27.636006747161446,34.2,-1.211,-1.32,5.184,-10.6583,0.5164,26.66,0.0486,1.103,TRENDING,flat,54903.05,54839.5,55046.88708643647,-21.295493119512685,69.68,0.127,TRENDING
2026-10-07T14:01:00.201589,54846.8,HOLD,BEAR,False,macd_bear,False,54896.62993942966,54926.38276049685,-29.75282106718805,35.21,-1.027,-1.11,-0.817,-9.4908,1.162,27.18,0.0496,1.115,TRENDING,flat,54866.65,54830.0,55046.24517527158,-32.08872278808121,70.15,0.1279,TRENDING
2026-10-07T14:02:00.219130,54888.65,HOLD,BEAR,False,rsi_z_bear,False,54895.86220745956,54925.69779759475,-29.835590135189705,46.35,0.171,13.81,10.525,-5.541,3.9287,28.53,0.052,1.152,TRENDING,flat,54866.65,54825.3,55045.68302490879,-32.08872278808121,70.15,0.1279,TRENDING
2026-10-07T14:03:00.206341,54906.9,HOLD,BEAR,False,rsi_z_bear,False,54896.98180859952,54925.19791582197,-28.216107222448045,50.58,0.724,16.58,-6.952,-1.4118,4.1237,28.62,0.0521,1.148,TRENDING,flat,54890.4,54825.3,55045.23692551875,-32.08872278808121,70.15,0.1279,TRENDING
2026-10-07T14:04:00.215679,54913.25,HOLD,BEAR,False,rsi_z_bear,False,54898.711875992536,54924.19466851707,-25.48279252453358,52.37,0.88,17.45,-2.732,1.8726,3.3005,28.37,0.0517,1.124,TRENDING,flat,54914.1,54825.3,55044.79694284257,-32.08872278808121,70.15,0.1279,TRENDING
2026-10-07T14:05:00.304884,54911.9,HOLD,BEAR,False,rsi_z_bear,False,54900.052785674234,54923.64799398279,-23.59520830855763,51.74,0.867,5.48,-2.272,3.8384,1.9684,27.65,0.0504,1.084,TRENDING,flat,54918.05,54845.1,55044.34651265835,-32.08872278808121,70.15,0.1279,TRENDING
2026-10-07T14:06:00.208079,54918.85,HOLD,BEAR,False,rsi_z_bear,False,54901.731789939804,54923.20897801802,-21.477188078213658,52.85,0.966,2.26,1.777,5.3207,1.4877,26.29,0.0479,1.023,TRENDING,flat,54922.9,54883.6,55043.90058614617,-38.91127560668974,71.94,0.131,TRENDING
2026-10-07T14:07:00.202883,54914.9,HOLD,BEAR,False,rsi_z_bear,False,54902.967604044105,54922.386278409576,-19.418674365471816,52.22,0.862,-0.25,-2.007,5.9038,0.596,25.31,0.0461,0.978,TRENDING,flat,54922.9,54893.2,55043.44082536145,-38.91127560668974,71.94,0.131,TRENDING
2026-10-07T14:08:00.206890,54923.7,HOLD,BEAR,False,rsi_z_bear,False,54904.7391721451,54922.57554240128,-17.836370256183727,53.81,1.082,2.15,2.614,6.5233,0.6136,25.52,0.0465,0.984,TRENDING,flat,54922.9,54904.35,55043.04260746293,-38.91127560668974,71.94,0.131,TRENDING
2026-10-07T14:09:00.224301,54922.65,HOLD,BEAR,False,rsi_z_bear,False,54906.498325967244,54922.13953810674,-15.641212139496929,54.41,1.118,1.42,-1.33,6.7644,0.2533,24.83,0.0452,0.951,TRENDING,flat,54941.4,54906.6,55042.59816896863,-38.91127560668974,71.94,0.131,TRENDING
2026-10-07T14:10:00.215929,54902.65,HOLD,BEAR,False,rsi_z_bear,False,54906.13160213257,54921.348758367145,-15.217156234575668,47.98,0.504,-3.96,-6.673,5.3387,-1.425,24.83,0.0452,0.949,TRENDING,flat,54941.4,54906.6,55042.065551035645,-38.91127560668974,71.94,0.131,TRENDING
2026-10-07T14:11:00.233763,54902.95,HOLD,BEAR,False,rsi_z_bear,False,54905.823127428586,54919.95902352028,-14.135896091691393,48.37,0.516,-5.72,6.358,4.2419,-1.0793,24.0,0.0437,0.91,TRENDING,flat,54941.4,54898.5,55041.506234369816,-42.939530543422734,72.64,0.1323,TRENDING
2026-10-07T14:12:00.207469,54901.85,HOLD,BEAR,False,rsi_z_bear,False,54905.37628818,54919.58412003465,-14.207831854648248,47.91,0.447,-6.74,-0.664,3.297,-0.9545,23.67,0.0431,0.897,TRENDING,flat,54935.95,54895.95,55040.964004483045,-42.939530543422734,72.64,0.1323,TRENDING
2026-10-07T14:13:00.220812,54903.8,HOLD,BEAR,False,rsi_z_bear,False,54905.12723512186,54919.635031884056,-14.507796762198268,48.37,0.463,0.09,1.138,2.7013,-0.6145,23.49,0.0428,0.89,TRENDING,flat,54923.8,54895.55,55040.4215249746,-42.939530543422734,72.64,0.1323,TRENDING
2026-10-07T14:14:00.219339,54907.7,HOLD,BEAR,False,rsi_z_bear,False,54905.532535570404,54919.61469852981,-14.08216295940656,50.5,0.677,2.41,1.838,2.6586,-0.0528,22.57,0.0411,0.861,TRENDING,flat,54915.15,54890.35,55039.933519552425,-42.939530543422734,72.64,0.1323,TRENDING
2026-10-07T14:15:00.293379,54905.15,HOLD,BEAR,False,rsi_z_bear,False,54905.37863554756,54918.61128367551,-13.232648127952416,48.41,0.361,1.02,-4.368,2.1765,-0.4718,22.28,0.0406,0.856,TRENDING,flat,54915.15,54890.35,55039.491854563945,-42.939530543422734,72.64,0.1323,TRENDING
2026-10-07T14:16:00.214476,54949.35,HOLD,BEAR,False,rsi_z_bear,False,54909.588907841484,54919.08896990598,-9.50006206449325,61.83,1.859,13.97,15.462,4.7044,2.5473,24.21,0.0441,0.934,TRENDING,flat,54921.1,54890.35,55039.114268411795,-58.904674056168005,68.86,0.1254,TRENDING
2026-10-07T14:17:00.209395,54945.9,HOLD,BEAR,False,rsi_z_bear,False,54912.9106880923,54919.12790136021,-6.217213267911575,60.19,1.462,9.62,-15.393,5.7335,1.0544,23.48,0.0427,0.915,TRENDING,flat,54951.55,54901.15,55038.803880033985,-58.904674056168005,68.86,0.1254,TRENDING
2026-10-07T14:18:00.208369,54945.8,HOLD,BEAR,False,rsi_z_bear,False,54915.988339932075,54919.87319542559,-3.8848554935175343,59.97,1.367,11.82,2.053,6.1458,0.4197,23.17,0.0422,0.913,TRENDING,flat,54951.55,54902.6,55038.48667956439,-58.904674056168005,68.86,0.1254,TRENDING
2026-10-07T14:19:00.460631,54955.35,HOLD,BEAR,False,ema_gap_bear,False,54919.621444249475,54919.893024549376,-0.2715802999009611,62.5,1.565,0.62,2.149,6.6287,0.5178,23.39,0.0426,0.925,SIDEWAYS,flat,54952.9,54902.6,55038.212033675336,-58.904674056168005,68.86,0.1254,TRENDING
2026-10-07T14:20:00.455378,54949.55,HOLD,BEAR,False,ema_gap_bear,False,54922.388811179386,54920.1955137286,2.193297450787213,60.74,1.201,0.13,-4.63,6.2184,-0.3885,22.53,0.041,0.9,SIDEWAYS,flat,54966.1,54933.4,55037.962718546514,-58.904674056168005,68.86,0.1254,TRENDING
2026-10-07T14:21:00.481814,54966.9,HOLD,BEAR,False,ema_gap_bear,False,54926.74442701941,54922.919652331184,3.824774688226171,65.0,1.951,4.92,7.209,6.8703,0.6296,23.27,0.0423,0.937,TRENDING,flat,54966.1,54933.4,55037.75397405902,-62.44561786093254,67.38,0.1226,TRENDING
2026-10-07T14:22:00.460924,54970.6,HOLD,BEAR,False,ema_gap_bear,False,54930.69918158273,54923.76206668437,6.937114898355503,65.52,1.719,2.59,-4.792,6.8551,0.0095,22.46,0.0409,0.915,TRENDING,flat,54979.15,54940.5,55037.545507269235,-62.44561786093254,67.38,0.1226,TRENDING
2026-10-07T14:23:00.456975,54980.05,HOLD,BEAR,False,ema_gap_bear,False,54935.47215431201,54926.178125554245,9.294028757765773,68.09,1.87,7.89,2.857,7.2383,0.3785,22.36,0.0407,0.927,TRENDING,flat,54979.15,54946.3,55037.375927112116,-62.44561786093254,67.38,0.1226,TRENDING
2026-10-07T14:24:00.468617,54982.75,HOLD,BEAR,False,ema_gap_bear,False,54939.94078653816,54927.71868805827,12.222098479891429,68.41,1.672,3.38,-2.553,7.1065,-0.1143,21.97,0.04,0.921,TRENDING,flat,54988.9,54946.3,55037.20792668273,-62.44561786093254,67.38,0.1226,TRENDING
2026-10-07T14:25:00.224485,54998.7,HOLD,BEAR,False,ema_gap_bear,False,54945.6161017391,54929.7410019688,15.875099770295492,72.27,1.853,6.99,3.309,7.642,0.5565,22.08,0.0401,0.936,TRENDING,flat,54988.9,54960.65,55037.093446578365,-62.44561786093254,67.38,0.1226,TRENDING
2026-10-07T14:26:00.210430,55029.6,HOLD,BEAR,False,ema_gap_bear,False,54953.587009875344,54933.18885805474,20.398151820605563,77.24,2.053,9.06,1.3,9.3643,1.7343,22.8,0.0414,0.975,TRENDING,flat,55005.95,54967.2,55037.04406327383,-80.93327618065814,72.22,0.1313,TRENDING
2026-10-07T14:27:00.204150,55109.45,HOLD,BEAR,False,ema_gap_bear,False,54968.46508401669,54939.6135475504,28.851536466288962,84.79,2.323,16.69,2.888,14.9504,5.5994,27.54,0.05,1.172,TRENDING,flat,55030.95,54969.6,55037.148462220255,-80.93327618065814,72.22,0.1313,TRENDING
2026-10-07T14:28:00.218427,55156.55,HOLD,BEAR,False,ema_gap_bear,False,54986.157995901245,54946.761309537585,39.39668636365968,87.11,2.11,15.76,-5.421,20.3156,5.3987,29.02,0.0526,1.22,TRENDING,flat,55118.5,54982.55,55037.43168595886,-80.93327618065814,72.22,0.1313,TRENDING
2026-10-07T14:29:00.213638,55201.95,HOLD,BEAR,False,ema_gap_bear,False,55007.007189553435,54954.854768624486,52.15242092894914,89.54,1.929,12.7,-0.396,25.6162,5.3543,31.17,0.0565,1.287,TRENDING,flat,55157.0,54998.7,55037.88961426393,-80.93327618065814,72.22,0.1313,TRENDING
2026-10-07T14:30:00.214612,55241.85,HOLD,BEAR,False,ema_gap_bear,False,55029.47158207941,54964.795742151386,64.67583992802247,91.24,1.778,5.74,-0.872,29.7287,4.1482,32.62,0.059,1.333,TRENDING,flat,55210.6,55029.6,55038.50986692361,-80.93327618065814,72.22,0.1313,TRENDING
2026-10-07T14:31:00.217497,55235.4,HOLD,BEAR,False,ema_gap_bear,False,55049.2767943527,54976.95307133588,72.32372301681607,89.48,1.474,1.52,-2.97,30.0969,0.3295,32.6,0.059,1.303,TRENDING,flat,55248.4,55109.45,55039.20321453105,-56.89386365573591,81.29,0.1471,TRENDING
2026-10-07T14:32:00.212672,55251.05,HOLD,BEAR,False,ema_gap_bear,False,55068.36287913787,54989.16496568455,79.19791345332487,89.9,1.359,-0.1,2.22,29.1316,-1.0053,33.18,0.0601,1.308,TRENDING,flat,55255.75,55152.3,55039.921151477916,-56.89386365573591,81.29,0.1471,TRENDING
2026-10-07T14:33:00.214275,55251.35,HOLD,BEAR,False,ema_gap_bear,False,55085.743457960234,55000.11171318483,85.63174477540451,89.86,1.244,-1.26,-0.41,26.5926,-2.557,32.91,0.0596,1.276,TRENDING,flat,55273.8,55196.2,55040.599879613124,-56.89386365573591,81.29,0.1471,TRENDING
2026-10-07T14:34:00.204008,55249.65,HOLD,BEAR,False,ema_gap_bear,False,55101.32361716377,55009.71259819869,91.61101896507898,89.35,1.108,-0.02,-0.573,22.9608,-3.6272,33.47,0.0606,1.274,TRENDING,flat,55273.8,55224.2,55041.390652375376,-56.89386365573591,81.29,0.1471,TRENDING
2026-10-07T14:35:00.232332,55220.85,HOLD,BEAR,False,ema_gap_bear,False,55112.79647538776,55017.89733057268,94.8991448150773,79.9,0.305,-10.0,-9.004,17.1315,-5.8258,33.44,0.0606,1.249,TRENDING,flat,55279.25,55227.45,55042.08229960166,-56.89386365573591,81.29,0.1471,TRENDING
2026-10-07T14:36:00.205888,55200.7,HOLD,BEAR,False,ema_gap_bear,False,55121.11662840254,55025.71889716857,95.39773123397026,73.33,-0.317,-16.65,2.898,10.5837,-6.5656,33.93,0.0615,1.243,TRENDING,flat,55279.25,55218.45,55042.68061889202,-59.71155374036607,79.79,0.1445,TRENDING
2026-10-07T14:37:00.216229,55179.7,HOLD,BEAR,False,ema_gap_bear,False,55126.66235380133,55032.86631877246,93.79603502887039,67.37,-0.816,-21.96,0.837,3.957,-6.6563,35.16,0.0637,1.254,TRENDING,flat,55279.25,55186.75,55043.18496777502,-59.71155374036607,79.79,0.1445,TRENDING
2026-10-07T14:38:00.213361,55189.1,HOLD,BEAR,False,ema_gap_bear,False,55132.56460623235,55038.81250349562,93.75210273673292,68.39,-0.726,-11.13,6.967,-0.4883,-4.441,35.1,0.0636,1.233,TRENDING,flat,55251.75,55154.9,55043.66933080063,-59.71155374036607,79.79,0.1445,TRENDING
2026-10-07T14:39:00.205903,55180.0,HOLD,BEAR,False,ema_gap_bear,False,55136.77038640977,55043.353876139794,93.41651026997715,65.21,-1.08,-7.84,-4.481,-4.6844,-4.1732,34.49,0.0625,1.187,TRENDING,flat,55227.0,55154.9,55044.14599714142,-59.71155374036607,79.79,0.1445,TRENDING
2026-10-07T14:40:00.213357,55160.15,HOLD,BEAR,False,ema_gap_bear,False,55139.106870026655,55047.439269119874,91.66760090678144,61.04,-1.455,-6.14,-0.826,-8.7043,-4.0057,34.0,0.0616,1.149,TRENDING,flat,55205.05,55154.9,55044.56578520617,-59.71155374036607,79.79,0.1445,TRENDING
2026-10-07T14:41:00.215882,55142.5,HOLD,BEAR,False,ema_gap_bear,False,55139.06128927895,55050.1828526726,88.87843660634826,55.72,-1.855,-12.95,-1.423,-12.8559,-4.1295,34.01,0.0617,1.124,TRENDING,flat,55199.6,55159.45,55044.89529791172,-35.21925418337196,78.87,0.143,TRENDING
2026-10-07T14:42:00.217818,55166.45,HOLD,BEAR,False,ema_gap_bear,False,55141.68409027939,55054.75637996153,86.92771031786106,60.44,-1.375,-4.91,10.286,-13.5921,-0.7365,33.55,0.0608,1.091,TRENDING,flat,55199.6,55135.35,55045.2427008503,-35.21925418337196,78.87,0.143,TRENDING
2026-10-07T14:43:00.225420,55171.95,HOLD,BEAR,False,ema_gap_bear,False,55144.49927472909,55059.2493793164,85.24989541268587,60.98,-1.216,0.01,-4.005,-13.6179,-0.0238,33.0,0.0598,1.058,TRENDING,flat,55187.25,55135.35,55045.65435624484,-35.21925418337196,78.87,0.143,TRENDING
2026-10-07T14:44:00.206466,55159.2,HOLD,BEAR,False,ema_gap_bear,False,55146.00116999187,55062.272904390375,83.72826560149406,58.6,-1.37,2.66,-3.521,-14.1781,-0.5354,32.63,0.0592,1.025,TRENDING,flat,55189.4,55135.35,55046.06183600121,-35.21925418337196,78.87,0.143,TRENDING
2026-10-07T14:45:00.455767,55163.95,HOLD,BEAR,False,ema_gap_bear,False,55147.632632354114,55067.17430146668,80.4583308874353,59.0,-1.219,-1.54,3.281,-14.084,0.0691,31.21,0.0566,0.966,TRENDING,flat,55189.4,55142.5,55046.36864367519,-35.21925418337196,78.87,0.143,TRENDING
2026-10-07T14:46:00.459244,55167.4,HOLD,BEAR,False,ema_gap_bear,False,55149.38500450514,55071.428745804486,77.95625870065123,59.64,-1.073,-1.72,0.073,-13.5811,0.4929,29.93,0.0543,0.918,TRENDING,flat,55189.4,55151.3,55046.682414310904,-20.43881446091109,76.97,0.1395,TRENDING
2026-10-07T14:47:00.457040,55173.6,HOLD,BEAR,False,ema_gap_bear,False,55151.66405930271,55076.17958966164,75.48446964107279,61.0,-0.876,2.5,0.864,-12.524,1.0372,29.71,0.0538,0.906,TRENDING,flat,55184.95,55151.3,55047.01178845447,-20.43881446091109,76.97,0.1395,TRENDING
2026-10-07T14:48:00.458929,55147.9,HOLD,BEAR,False,ema_gap_bear,False,55151.22336209689,55079.38468117752,71.83868091936893,53.77,-1.276,-5.42,-8.823,-13.298,-0.7853,29.49,0.0535,0.901,TRENDING,flat,55182.35,55151.3,55047.32640745467,-20.43881446091109,76.97,0.1395,TRENDING
2026-10-07T14:49:00.456081,55151.0,HOLD,BEAR,False,ema_gap_bear,False,55151.307757720184,55083.507653343535,67.80010437664896,54.77,-1.086,-4.85,8.534,-13.1281,0.1363,28.71,0.0521,0.876,TRENDING,flat,55182.35,55147.0,55047.57706703042,-20.43881446091109,76.97,0.1395,TRENDING
2026-10-07T14:50:00.230319,55168.25,HOLD,BEAR,False,ema_gap_bear,False,55152.889040896305,55087.528230553406,65.36081034289964,57.93,-0.747,-2.74,2.355,-11.6799,1.4294,28.52,0.0517,0.878,TRENDING,flat,55182.35,55134.5,55047.88932599946,-20.43881446091109,76.97,0.1395,TRENDING
2026-10-07T14:51:00.213536,55107.1,HOLD,BEAR,False,ema_gap_bear,False,55148.91387419409,55087.87184719052,61.042027003568364,44.89,-1.619,-8.65,-16.739,-14.1284,-2.4331,30.66,0.0556,0.948,TRENDING,flat,55177.45,55134.5,55048.118606973534,-25.899173418423743,74.23,0.1346,TRENDING
2026-10-07T14:52:00.212717,55055.95,HOLD,BEAR,False,ema_gap_bear,False,55140.266883191965,55086.94268091938,53.324202272582625,36.45,-2.029,-18.17,4.864,-18.5911,-4.469,32.93,0.0598,1.02,TRENDING,flat,55177.45,55109.45,55048.20203556896,-25.899173418423743,74.23,0.1346,TRENDING
2026-10-07T14:53:00.209216,55076.8,HOLD,BEAR,False,ema_gap_bear,False,55134.256051366676,55086.595324547154,47.6607268195221,40.8,-1.608,-17.39,12.679,-19.4538,-0.8637,32.87,0.0597,1.017,TRENDING,flat,55177.45,55048.45,55048.27122777244,-25.899173418423743,74.23,0.1346,TRENDING
2026-10-07T14:54:00.205632,55099.3,HOLD,BEAR,False,ema_gap_bear,False,55130.90607650494,55087.44840925656,43.45766724838177,45.45,-1.223,0.4,0.281,-17.7774,1.6669,32.76,0.0595,1.015,TRENDING,flat,55168.25,55048.45,55048.37585360131,-25.899173418423743,74.23,0.1346,TRENDING
2026-10-07T14:55:00.220248,55104.8,HOLD,BEAR,False,ema_gap_bear,False,55128.42643144916,55088.941722787764,39.484708661395416,46.35,-1.042,10.02,-3.402,-15.5816,2.1744,32.03,0.0581,0.993,TRENDING,flat,55108.85,55048.45,55048.55406610935,-25.899173418423743,74.23,0.1346,TRENDING
2026-10-07T14:56:00.204354,55128.3,HOLD,SIDEWAYS,False,5m_sideways,False,55128.43801331723,55089.89188889223,38.546124425003654,51.1,-0.488,10.39,3.484,-12.0294,3.5681,31.88,0.0578,0.992,TRENDING,flat,55117.05,55055.35,55048.77694017924,-16.57142983254016,76.08,0.1381,SIDEWAYS
2026-10-07T14:57:00.209891,55129.4,HOLD,SIDEWAYS,False,5m_sideways,False,55128.543550257484,55091.40228964286,37.141260614625935,51.23,-0.388,6.0,-4.469,-9.2075,2.8231,30.8,0.0559,0.967,TRENDING,flat,55134.9,55072.15,55049.03806804203,-16.57142983254016,76.08,0.1381,SIDEWAYS
2026-10-07T14:58:00.223341,55112.55,HOLD,SIDEWAYS,False,5m_sideways,False,55127.07504860924,55091.95566666385,35.11938194538379,47.88,-0.708,1.53,-3.487,-8.0929,1.1225,30.58,0.0555,0.967,TRENDING,flat,55142.55,55094.9,55049.27191333109,-16.57142983254016,76.08,0.1381,SIDEWAYS
2026-10-07T14:59:00.028484,55126.3,HOLD,SIDEWAYS,False,5m_sideways,False,55126.77813808865,55092.71725772541,34.06088036324218,50.26,-0.347,-0.84,5.609,-6.3502,1.7557,29.95,0.0543,0.953,TRENDING,flat,55142.55,55104.8,55049.48539265333,-16.57142983254016,76.08,0.1381,SIDEWAYS
